office_id,office_name,address1,address2,city,country,state_province,postal_code,primary_phone_number,fax_number,public_phone_name,public_phone_number,public_comments,general_email_address,wish_referral_email_address,contact_us_email_address,website_admin_email_address,media_contact_name,media_contact_title,media_contact_phone,media_contact_email,development_contact_name,development_contact_title,development_contact_phone,development_contact_fax,development_contact_email,website_url,twitter_account,twitter_handle,facebook_acct,facebook_admin_id,facebook_app_id,google_acct,validator_bbb_url,validator_charity_navigator_url,validator_charity_navigator_rating,feedburner_url,tax_id,email_marketing_code,donation_enabled,twitter_app_id,twitter_app_secret,facebook_app_secret,youtube_url,country_code,office_legal_name,utc,dst
000-000,Chapter Demo,1 Demonstration Drive,Suite 100,Phoenix,US,AZ,85016,602-555-9474,602-555-9475,NULL,NULL,NULL,noreply@wish.org,noreply@wish.org,noreply@wish.org,noreply@wish.org,Jane Q Media,Media Coordinator,602-555-9474,noreply@wish.org,John Q Development,Development Coordinator,602-555-9474,602-555-9475,noreply@wish.org,chapter-demo.wish.org,NULL,NULL,NULL,NULL,NULL,NULL,NULL,NULL,NULL,NULL,NULL,NULL,NULL,NULL,NULL,NULL,NULL,US,Chapter Demo,-7,N
001-000,Make-A-Wish? Arizona,711 East Northern Ave, ,Phoenix,,AZ,85020,(602) 395-9474 ,(602) 395-0722 ,Toll Free,(800) 324-9474 ,Serves the entire state of Arizona,info@wishaz.org,mtatz@wishaz.org,info@wishaz.org,hcostello@wishaz.org,Hollie  Costello,Director of PR & Marketing,(602) 343-9434 ,hcostello@wishaz.org,Karny  Stefan,Chief Development Officer,(602) 343-9440 ,(602) 395-0722 ,kstefan@wishaz.org,www.arizona.wish.org,http://twitter.com/makeawishaz,@makeawishaz,http://facebook.com/makeawishaz,1.01509E+16,,UA-10695845-2,NULL,NULL,NULL,,86-0409636,,1,,,,,NULL,Make-A-Wish Foundation? of Arizona,-7,N
003-000,Make-A-Wish? New Jersey,1347 Perrineville Road, ,Monroe Township,,NJ,8831,(609) 371-9474 ,(609) 371-8919 ,Toll Free,(800) 252-9474 ,Serves the entire state of New Jersey,jersey@wishnj.org,larce@wishnj.org,jersey@wishnj.org,jrostek@wishnj.org,Todd  Shellenberger,Vice President of Development,,tshellenberger@wishnj.org,Todd  Shellenberger,Vice President of Development,,(609) 371-8919 ,tshellenberger@wishnj.org,nj.wish.org,http://www.twitter.com/wishnj,@wishnj,http://www.facebook.com/wishnj,wishnj,1.26951E+14,UA-10695845-4,NULL,NULL,NULL,,22-2488495,,1,,,fd375b557dbf7f1c4e89b613f73d14d0,http://www.youtube.com/wishnj,NULL,Make-A-Wish Foundation? of New Jersey,-5,Y
005-000,"Make-A-Wish? Oregon, Inc.",2000 SW 1st Avenue,Suite 410,Portland,,OR,97201,(503) 292-2280 ,(503) 292-9423 ,Toll Free,(800) 934-9474 ,Serves the entire state of Oregon and Clark County in Washington State,magic@orwish.org,magic@orwish.org,magic@orwish.org,kara@orwish.org,Laila J Umpleby,CEO,(503) 802-9910 ,laila@orwish.org,Laila J Umpleby,CEO,(503) 802-9910 ,(503) 292-9423 ,laila@orwish.org,www.orwish.org,http://www.twitter.com/ORWish,@orwish,http://www.facebook.com/ORWish,facebook@orwish.org,,UA-10695845-6,NULL,NULL,NULL,,82-0385049,,1,,,,,NULL,"Make-A-Wish Foundation? of Oregon, Inc.",-8,Y
006-000,Make-A-Wish? North Texas,6655 Deseo, ,Irving,,TX,75039,(214) 496-9474 ,(214) 496-9475 ,Toll Free Texas Only,(888) 625-3294 ,Serves the northeastern and western part of the state of Texas,general@ntxwish.org,referrals@ntxwish.org,general@ntxwish.org,mszydloski@ntxwish.org,Megan  Szydloski,Communications Manager,(214) 496-5011 ,mszydloski@ntxwish.org,Ron  Sylvan,Senior VP of Marketing and Development,(214) 496-5003 ,(214) 496-9475 ,rsylvan@ntxwish.org,www.ntx.wish.org,http://www.twitter.com/makeawishnt,@makeawishnt,http://www.facebook.com/makeawishnt,makeawishnt,4.05835E+14,UA-10695845-7,NULL,NULL,NULL,,75-1889666,,1,  SCsHzZZAkV1pYfLDKbjUMA,  CG9jVacr0QvvAL34t7djSiJmeF0xGEazXWKhCVig,d308adffc33e17b5f066466a2bb35c6d,http://www.youtube.com/makeawishnorthtexas,NULL,Make-A-Wish Foundation? of North Texas,-6,Y
006-001,"Make-A-Wish? North Texas, Northeast Regional Office",215 Winchester,Suite 109,Tyler,,TX,75701,(903) 597-9474 ,(903) 597-9475 ,,,Serves 1/3 of the counties covered by the North Texas chapter east of Dallas with the exception of Leon county,general@ntxwish.org,referrals@ntxwish.org,general@ntxwish.org,mszydloski@ntxwish.org,Megan  Szydloski,Communications Manager,(214) 496-5011 ,mszydloski@ntxwish.org,Ron  Sylvan,Senior VP of Marketing and Development,(214) 496-5003 ,(214) 496-9475 ,rsylvan@ntxwish.org,www.ntx.wish.org,,,http://www.facebook.com/makeawishnt,makeawishnt,4.05835E+14,UA-10695845-7,NULL,NULL,NULL,,75-1889666,,1,,,,,NULL,"Make-A-Wish Foundation? of North Texas, Northeast Regional Office",-6,Y
006-002,"Make-A-Wish? North Texas, Southwest Regional Office",3509 Hulen Street,Suite 200,Fort Worth,,TX,76107,(817) 336-9474 ,(817) 336-9475 ,Toll Free,(888) 625-3294 ,Serves 1/3 of the counties covered by the North Texas chapter west of Dallas,general@ntxwish.org,referrals@ntxwish.org,general@ntxwish.org,mszydloski@ntxwish.org,Megan  Szydloski,Communications Manager,(214) 496-5011 ,mszydloski@ntxwish.org,Ron  Sylvan,Senior VP of Marketing and Development,(214) 496-5003 ,(214) 496-9475 ,rsylvan@ntxwish.org,www.ntx.wish.org,,,http://www.facebook.com/makeawishnt,makeawishnt,4.05835E+14,UA-10695845-7,NULL,NULL,NULL,,75-1889666,,1,,,,,NULL,"Make-A-Wish Foundation? of North Texas, Southwest Regional Office",-6,Y
006-003,"Make-A-Wish? North Texas, Midland Office",407 N. Big Spring,Suite 208,Midland,,TX,79701,(432) 683-9474 ,(432) 683-9441 ,Toll Free Texas Only,(888) 625-3294 , ,general@ntxwish.org,referrals@ntxwish.org,general@ntxwish.org,mszydloski@ntxwish.org,Megan  Szydloski,Communications Manager,(214) 496-5011 ,mszydloski@ntxwish.org,Ron  Sylvan,Senior VP of Marketing and Development,(214) 496-5003 ,(214) 496-9475 ,rsylvan@ntxwish.org,www.ntx.wish.org,,,http://www.facebook.com/makeawishnt,makeawishnt,4.05835E+14,UA-10695845-7,NULL,NULL,NULL,,75-1889666,,1,,,,,NULL,"Make-A-Wish Foundation? of North Texas, Midland Office",-6,Y
006-004,"Make-A-Wish? North Texas, El Paso Regional Office",PO Box 13045,,El Paso,,TX,79913,(915) 855-8700 ,(214) 496-9475 ,,,Serves El Paso county.,general@ntxwish.org,referrals@ntxwish.org,general@ntxwish.org,mszydloski@ntxwish.org,Megan  Szydloski,Communications Manager,(214) 496-5011 ,mszydloski@ntxwish.org,Ron  Sylvan,Senior VP of Marketing and Development,(214) 496-5003 ,(214) 496-9475 ,rsylvan@ntxwish.org,www.ntx.wish.org,,,http://www.facebook.com/makeawishnt,makeawishnt,4.05835E+14,UA-10695845-7,NULL,NULL,NULL,,75-1889666,,1,,,,,NULL,"Make-A-Wish Foundation? of North Texas, El Paso Regional Office",-7,Y
006-005,"Make-A-Wish? North Texas, Texas Plains Regional Office",411 South Fillmore,,Amarillo,,TX,79101,(806) 358-9943 ,(806) 358-9992 ,Toll Free Texas Only,(800) 242-7167 ,Serves the top 55 counties of the Texas Panhandle and Texas Plains.,general@ntxwish.org,referrals@ntxwish.org,general@ntxwish.org,mszydloski@ntxwish.org,Megan  Szydloski,Communications Manager,(214) 496-5011 ,mszydloski@ntxwish.org,Ron  Sylvan,Senior VP of Marketing and Development,(214) 496-5003 ,(214) 496-9475 ,rsylvan@ntxwish.org,www.ntx.wish.org,,,http://www.facebook.com/makeawishnt,makeawishnt,4.05835E+14,UA-10695845-7,NULL,NULL,NULL,,75-1889666,,1,,,,,NULL,"Make-A-Wish Foundation? of North Texas, Texas Plains Regional Office",-6,Y
007-000,Make-A-Wish? Orange County & the Inland Empire,14232 Red Hill Avenue, ,Tustin,,CA,92780-5836,(714) 573-9474 ,(714) 689-0985 ,,,"Serves 3 counties of California: Orange, Riverside, and San Bernardino",getinvolved@wishocie.org,wishreferrals@wishocie.org,getinvolved@wishocie.org,meuperio@wishocie.org,Sarah A Pizzaruso,Director of Development,(714) 573-9474 x230,spizzaruso@wishocie.org,Christine  Gaxiola-Aranda,Donor Care Manager,(714) 573-9474 x220,(714) 689-0985 ,CGaxiola@wishocie.org,ocie.wish.org,http://twitter.com/#!/MakeAWishOCIE,@MakeAWishOCIE,https://www.facebook.com/MakeAWishOCIE,MakeAWishOCIE,4.48691E+14,UA-10695845-8,NULL,NULL,NULL,,33-0036556,,1,Q0xpeI3bDjNEjV9yBGfFA,TgDKfJGzWbcDVcHKp0Zb9noqozempI82oQGNvvdIKw,850662d87ae80b44c1bc95717730dfe4,http://youtube.com/makeawishocie,NULL,Make-A-Wish Foundation? of Orange County & the Inland Empire,-8,Y
007-001,"Make-A-Wish? Orange County & the Inland Empire, Riverside Office",3521 Main Street, ,Riverside,,CA,92501,(951) 321-0179 ,(951) 321-0125 ,,,"Serves Orange, Riverside and San Bernardino Counties",orangeco@wishocie.org,orangeco@wishocie.org,getinvolved@wishocie.org,meuperio@wishocie.org,Sarah A Pizzaruso,Director of Development,(714) 573-9474 x230,spizzaruso@wishocie.org,Christine  Gaxiola-Aranda,Donor Care Manager,(714) 573-9474 x220,(714) 689-0985 ,CGaxiola@wishocie.org,ocie.wish.org,,,https://www.facebook.com/MakeAWishOCIE,MakeAWishOCIE,4.48691E+14,UA-10695845-8,NULL,NULL,NULL,,33-0036556,,1,,,,,NULL,"Make-A-Wish Foundation? of Orange County & the Inland Empire, Riverside Office",-8,Y
008-000,"Make-A-Wish? Greater Pennsylvania & Southern West Virginia, Inc.",The Gulf Tower,"707 Grant Street, 37th Floor",Pittsburgh,,PA,15219-1938,(412) 471-9474 ,(412) 471-9705 ,Toll Free,(800) 676-9474 ,"Serving 57 counties of western, central and northeastern Pennsylvania and the southern 1/2 of West Virginia",greaterpa@wishworld.org,greaterpa@wishworld.org,greaterpa@wishworld.org,cpraskovich@wishworld.org,Ann K Hohn,Chief Operating Officer,(412) 471-9474 ,ahohn@wishworld.org,Barbara L Becker,Chief Development Officer,(412) 471-9474 ,(412) 471-9705 ,bbecker@wishworld.org,www.wishgreaterpa.org,,,https://www.facebook.com/pages/Make-A-Wish-Greater-PA-and-Southern-WV/11287224218,11287224218,1.44064E+14,UA-10695845-9,NULL,NULL,NULL,,25-1464177,,1,,,29da368eb68c8115dbd7b43cd764807e,http://www.youtube.com/makeawishgtrpaswv,NULL,"Make-A-Wish Foundation? of Greater Pennsylvania & Southern West Virginia, Inc.",-5,Y
008-004,"Make-A-Wish? Greater Pennsylvania & Southern WV, Charleston Office",1031 Quarrier Street, Suite 401,Charleston,,WV,25301,(304) 342-9474 ,(304) 345-6568 ,Toll Free,(800) 664-9474 ,Serves the southern 1/2 of West Virginia,greaterpa@wishworld.org,greaterpa@wishworld.org,greaterpa@wishworld.org,cpraskovich@wishworld.org,Ann K Hohn,Chief Operating Officer,(412) 471-9474 ,ahohn@wishworld.org,Barbara L Becker,Chief Development Officer,(412) 471-9474 ,(412) 471-9705 ,bbecker@wishworld.org,www.wishgreaterpa.org,,,https://www.facebook.com/pages/Make-A-Wish-Greater-PA-and-Southern-WV/11287224218,11287224218,1.44064E+14,UA-10695845-9,NULL,NULL,NULL,,25-1464177,,1,,,,,NULL,"Make-A-Wish Foundation? of Greater Pennsylvania & Southern WV, Charleston Office",-5,Y
009-000,Make-A-Wish? Colorado,7951 E. Maplewood Avenue,Suite 126,Greenwood Village,,CO,80111,(303) 750-9474 ,(303) 755-3108 ,Toll Free Colorado Only,(800) 366-9474 ,Serves the entire state of Colorado,colorado@colorado.wish.org,colorado@colorado.wish.org,colorado@colorado.wish.org,aford@colorado.wish.org,Amanda  Ford,Communications Coordinator,(303) 750-9474 ,aford@colorado.wish.org,Gloria  Jara,Director of Development,(303) 750-9474 ,(303) 755-3108 ,gjara@colorado.wish.org,www.colorado.wish.org,,,,,3.41561E+14,UA-10695845-10,NULL,NULL,NULL,,74-2273004,,1,d1nesSXKXpXn0PTJ2mw,nZhJ7TIuvK68IQytdhXWu9Xz74wL9doHnWFzXgrZIU,61e59e7e8a349088a40b86b2f854409e,,NULL,Make-A-Wish Foundation? of Colorado,-7,Y
010-000,Make-A-Wish? Metro New York and Western New York,1111 Marcus Avenue,Suite LL22,Lake Success,,NY,11042,(516) 944-6212 ,(516) 944-6441 ,Toll Free Emergency Only,(888) 566-8476 ,"Serves 5 boroughs (Manhattan, Bronx, Brooklyn, Queens and Staten Island), Nassau County, Long Island, and the western portion of New York state.",info@metrony.wish.org,wishes@metrony.wish.org,info@metrony.wish.org,afishbein@metrony.wish.org,Gaby  Sappington,"Vice President, Marketing & Community Relations",(212) 957-9475 ,gsappington@metrony.wish.org,Julia   Masucci,"Director, Donor Care & Executive Administration",(516) 944-6212 x120,(516) 944-6441 ,jmasucci@metrony.wish.org,metrony.wish.org,,,,,,UA-10695845-11,NULL,NULL,NULL,,11-2645641,,1,,,,,NULL,Make-A-Wish Foundation? of Metro New York and Western New York,-5,Y
010-002,"Make-A-Wish? Metro New York and Western New York, Buffalo Regional Office",4600 Main Street,Suite 101,Snyder,,NY,14226,(716) 810-9474 ,(716) 631-8869 ,,,Serves eight counties in the western portion of New York state,WNYChapter@wny.wish.org,wishes@metrony.wish.org,info@metrony.wish.org,afishbein@metrony.wish.org,Gaby  Sappington,"Vice President, Marketing & Community Relations",(212) 957-9475 ,gsappington@metrony.wish.org,Julia   Masucci,"Director, Donor Care & Executive Administration",(516) 944-6212 x120,(516) 944-6441 ,jmasucci@metrony.wish.org,wny.wish.org,,,,,,UA-10695845-11,NULL,NULL,NULL,,11-2645641,,1,,,,,NULL,"Make-A-Wish Foundation? of Metro New York and Western New York, Buffalo Regional Office",-5,Y
010-003,"Make-A-Wish? Metro New York and Western New York, Rochester Regional Office",1855 Monroe Avenue,Suite 4,Rochester,United States,NY,14618,(585) 272-9474 ,(585) 272-9463 ,,,Serves nine counties in the western portion of New York state,WNYChapter@wny.wish.org,wishes@metrony.wish.org,info@metrony.wish.org,afishbein@metrony.wish.org,Gaby  Sappington,"Vice President, Marketing & Community Relations",(212) 957-9475 ,gsappington@metrony.wish.org,Julia   Masucci,"Director, Donor Care & Executive Administration",(516) 944-6212 x120,(516) 944-6441 ,jmasucci@metrony.wish.org,wny.wish.org,NULL,NULL,,,,UA-10695845-11,NULL,NULL,NULL,,11-2645641,,1,NULL,NULL,NULL,NULL,NULL,"Make-A-Wish Foundation? of Metro New York and Western New York, Rochester Regional Office",-5,Y
011-000,"Make-A-Wish? Ohio, Kentucky & Indiana",2545 Farmers Drive,Suite 300,Columbus,,OH,43235,(614) 923-0555 ,(614) 923-0560 ,Toll Free,(877) 206-9474 ,"Serves Ohio, Kentucky and Indiana",corporate@makeawishohio.org,kimp@makeawishohio.org,corporate@makeawishohio.org,robertp@makeawishohio.org,Emily  Denholm,Marketing Communications Coordinator,(614) 495-3734 ,EmilyD@makeawishohio.org,Robbie  Baker,VP Development,(614) 923-0555 x3733,(614) 923-0560 ,robbieb@makeawishohio.org,www.makeawishohio.org,,,http://www.facebook.com/makeawishohkyin,5.08953E+14,4.82099E+14,UA-10695845-12,NULL,NULL,NULL,,34-1471131,,1,,,1b7413e88a9d2dc22257af1662e32738,http://www.youtube.com/user/MakeAWishOHKYIN,NULL,"Make-A-Wish Foundation? of Ohio, Kentucky & Indiana",-5,Y
011-001,"Make-A-Wish? Ohio, Kentucky & Indiana, Northeast Ohio Region",6060 Rockside Woods Blvd,Suite 315,Independence,,OH,44131,(216) 241-3670 ,(216) 642-6162 ,Toll Free,(888) 272-9474 ,Serves Northeast Ohio.,neohio@makeawishohio.org,kimp@makeawishohio.org,corporate@makeawishohio.org,robertp@makeawishohio.org,Emily  Denholm,Marketing Communications Coordinator,(614) 495-3734 ,EmilyD@makeawishohio.org,Robbie  Baker,VP Development,(614) 923-0555 x3733,(614) 923-0560 ,robbieb@makeawishohio.org,www.makeawishohio.org,,,http://www.facebook.com/makeawishohkyin,5.08953E+14,4.82099E+14,UA-10695845-12,NULL,NULL,NULL,,34-1471131,,1,,,,,NULL,"Make-A-Wish Foundation? of Ohio, Kentucky & Indiana, Northeast Ohio Region",-5,Y
011-002,"Make-A-Wish? Ohio, Kentucky & Indiana, Central Ohio Region",2545 Farmers Drive,Suite 300,Columbus,United States,OH,43235,(614) 923-0555 ,(614) 923-0573 ,Toll Free,(877) 206-9474 ,Serves Central Ohio from Eastern to Western borders.,centralohio@makeawishohio.org,kimp@makeawishohio.org,corporate@makeawishohio.org,robertp@makeawishohio.org,Emily  Denholm,Marketing Communications Coordinator,(614) 495-3734 ,EmilyD@makeawishohio.org,Robbie  Baker,VP Development,(614) 923-0555 x3733,(614) 923-0560 ,robbieb@makeawishohio.org,www.makeawishohio.org,,,http://www.facebook.com/makeawishohkyin,5.08953E+14,4.82099E+14,UA-10695845-12,NULL,NULL,NULL,,34-1471131,,1,NULL,NULL,NULL,NULL,NULL,"Make-A-Wish Foundation? of Ohio, Kentucky & Indiana, Central Ohio Region",-5,Y
011-003,"Make-A-Wish? Ohio, Kentucky & Indiana, Southern Ohio Region",10260 Alliance Road,Suite 200,Cincinnati,United States,OH,45242,(513) 745-9474 ,(513) 745-9660 ,Toll Free,(888) 441-9474 ,"Serves Greater Cincinnati, all of Southern Ohio, parts of Northern Kentucky & parts of Southeastern Indiana",southohio@makeawishohio.org,kimp@makeawishohio.org,corporate@makeawishohio.org,robertp@makeawishohio.org,Emily  Denholm,Marketing Communications Coordinator,(614) 495-3734 ,EmilyD@makeawishohio.org,Robbie  Baker,VP Development,(614) 923-0555 x3733,(614) 923-0560 ,robbieb@makeawishohio.org,www.makeawishohio.org,,,http://www.facebook.com/makeawishohkyin,5.08953E+14,4.82099E+14,UA-10695845-12,NULL,NULL,NULL,,34-1471131,,1,NULL,NULL,NULL,NULL,NULL,"Make-A-Wish Foundation? of Ohio, Kentucky & Indiana, Southern Ohio Region",-5,Y
011-004,"Make-A-Wish? Ohio, Kentucky & Indiana, Kentucky & Southern Indiana Region",1230 Liberty Bank Lane,Suite 300,Louisville,United States,KY,40222,(502) 327-0705 ,(502) 327-0706 ,Toll Free Kentucky Only,(866) 487-9474 ,Serves the commonwealth of Kentucky & parts of Southern Indiana,kentuckymaw@makeawishky.org,kimp@makeawishohio.org,corporate@makeawishohio.org,robertp@makeawishohio.org,Emily  Denholm,Marketing Communications Coordinator,(614) 495-3734 ,EmilyD@makeawishohio.org,Robbie  Baker,VP Development,(614) 923-0555 x3733,(614) 923-0560 ,robbieb@makeawishohio.org,www.makeawishky.org,,,http://www.facebook.com/makeawishohkyin,5.08953E+14,4.82099E+14,UA-10695845-12,NULL,NULL,NULL,,34-1471131,,1,NULL,NULL,NULL,NULL,NULL,"Make-A-Wish Foundation? of Ohio, Kentucky & Indiana, Kentucky & Southern Indiana Region",-5,Y
011-005,"Make-A-Wish? Ohio, Kentucky & Indiana, Indiana Region",7330 Woodland Drive,Suite 201,Indianapolis,United States,IN,46278,(317) 636-6060 ,(317) 636-2445 ,Toll Free Wish Families Only,(877) 872-2756 , Serves the state of Indiana,indiana@makeawishindiana.org,kimp@makeawishohio.org,corporate@makeawishohio.org,robertp@makeawishohio.org,Emily  Denholm,Marketing Communications Coordinator,(614) 495-3734 ,EmilyD@makeawishohio.org,Robbie  Baker,VP Development,(614) 923-0555 x3733,(614) 923-0560 ,robbieb@makeawishohio.org,www.makeawishindiana.org,,,http://www.facebook.com/makeawishohkyin,5.08953E+14,4.82099E+14,UA-10695845-12,NULL,NULL,NULL,,34-1471131,,1,NULL,NULL,NULL,NULL,NULL,"Make-A-Wish Foundation? of Ohio, Kentucky & Indiana, Indiana Region",-5,Y
011-008,"Make-A-Wish? Ohio, Kentucky & Indiana, Northwest Ohio Region",405 Madison Avenue,Suite 210,Toledo,United States,OH,43604,(419) 244-9474 ,(419) 244-9221 ,Toll Free,(800) 666-8539 ,Serves Northwest Ohio,nwohio@makeawishohio.org,kimp@makeawishohio.org,corporate@makeawishohio.org,robertp@makeawishohio.org,Emily  Denholm,Marketing Communications Coordinator,(614) 495-3734 ,EmilyD@makeawishohio.org,Robbie  Baker,VP Development,(614) 923-0555 x3733,(614) 923-0560 ,robbieb@makeawishohio.org,www.makeawishohio.org,,,http://www.facebook.com/makeawishohkyin,5.08953E+14,4.82099E+14,UA-10695845-12,NULL,NULL,NULL,,34-1471131,,1,NULL,NULL,NULL,NULL,NULL,"Make-A-Wish Foundation? of Ohio, Kentucky & Indiana, Northwest Ohio Region",-5,Y
012-000,Make-A-Wish? Northeastern California and Northern Nevada,2800 Club Center Drive,,Sacramento,,CA,95835,(916) 437-0206 ,(916) 515-0649 ,,,Serves northeastern California and northern Nevada.,info@sacnortheast.wish.org,jjohnston@necannv.wish.org,mflynn@necannv.wish.org,mflynn@necannv.wish.org,Michele  Flynn,Development & Communications Manager,(916) 437-0206 ,mflynn@sacnortheast.wish.org,Melissa  Arnold,Development Manager,(916) 692-3921 ,(916) 515-0649 ,marnold@sacnortheast.wish.org,www.necannv.wish.org,https://twitter.com/MakeAWishSacto,@MakeAWishSacto,https://www.facebook.com/MakeAWishSacramento,MakeAWishSacramento,4.49477E+14,UA-10695845-13,NULL,NULL,NULL,,68-0027351,,1,u3zFeEZQYGBtgYlxaH9fFQ,EfnNqXRlJRIgfCSbRGY6Vu1nlDD4pQCHiqR4H71u2Y,0f9c1c750123eddf1a91050ff52e1feb,http://www.youtube.com/user/MakeAWishSacramento,NULL,Make-A-Wish Foundation? of Northeastern California and Northern Nevada,-8,Y
012-001,"Make-A-Wish? Northeastern California and Northern Nevada, Northern Nevada Office",1575 Delucchi Lane,Suite 118,Reno,,NV,89502,(775) 826-8008 ,(775) 826-8042 ,,,Serves the 13 northern counties of Nevada,info@sacnortheast.wish.org,jjohnston@sacnortheast.wish.org,mflynn@necannv.wish.org,mflynn@necannv.wish.org,Michele  Flynn,Development & Communications Manager,(916) 437-0206 ,mflynn@sacnortheast.wish.org,Melissa  Arnold,Development Manager,(916) 692-3921 ,(916) 515-0649 ,marnold@sacnortheast.wish.org,sacnortheast.wish.org,,,https://www.facebook.com/MakeAWishSacramento,MakeAWishSacramento,4.49477E+14,UA-10695845-13,NULL,NULL,NULL,,68-0027351,,1,,,,,NULL,"Make-A-Wish Foundation? of Northeastern California and Northern Nevada, Northern Nevada Office",-8,Y
013-000,Make-A-Wish? Hawaii,P.O. Box 1877,,Honolulu,,HI,96805,(808) 537-3118 x100,(808) 536-5566 ,,,Serves the State of Hawaii,info@hawaii.wish.org,amarshall@hawaii.wish.org,info@hawaii.wish.org,eflannery@hawaii.wish.org,Jason  Black,Creative Specialist,(808) 397-0882 ,jblack@hawaii.wish.org,Siana A Hunt,President and CEO,(808) 537-3118 ,(808) 536-5566 ,shunt@hawaii.wish.org,www.hawaii.wish.org,,,https://www.facebook.com/makeawishhawaii,makeawishhawaii,,UA-10695845-14,NULL,NULL,NULL,,99-0220777,,1,,,,,NULL,Make-A-Wish Foundation? of Hawaii,-10,N
014-000,Make-A-Wish? Suffolk County? NY? Inc.,1 Comac Loop,Suite 1A1,Ronkonkoma,United States,NY,11779,(631) 585-9474 ,(631) 585-0762 ,Wish Emergency Cellular,(631) 495-6065 ,"Serves Suffolk County, Long Island, NY",wishmail@makeawish-suffolkny.org,wishmail@makeawish-suffolkny.org,wishmail@makeawish-suffolkny.org,joanne@makeawish-suffolkny.org,Karine  Hollander,President & CEO,(631) 585-9474 x319,karine@makeawish-suffolkny.org,Joanne  McGiveron,Director of Community Relations,(631) 585-9474 x321,(631) 585-0762 ,joanne@makeawish-suffolkny.org,www.makeawish-suffolkny.org,http://twitter.com/MakeAWishSuffCo,NULL,http://www.facebook.com/wishsuffolkny,NULL,NULL,UA-10695845-15,NULL,NULL,NULL,NULL,11-2666969,,1,NULL,NULL,NULL,NULL,NULL,Make-A-Wish Foundation? of Suffolk County? NY? Inc.,-5,Y
015-000,Make-A-Wish? Greater Los Angeles,1875 Century Park East,Suite 950,Los Angeles,,CA,90067,(310) 788-9474 ,(310) 785-9474 ,Toll Free Los Angeles Only,(800) 322-9474 ,Serves Los Angeles County,info@wishla.org,kschumann@wishla.org,info@wishla.org,svanderpool@wishla.org,Jenny  Davidson,VP of Development,(310) 788-9474 ,jdavidson@wishla.org,Michelle  Becker,"Senior Director of Development, Major Gifts",(310) 788-9474 x108,(310) 785-9474 ,mbecker@wishla.org,www.wishla.org,,,,,,UA-10695845-16,NULL,NULL,NULL,,95-4107024,,1,,,,,NULL,Make-A-Wish Foundation? of Greater Los Angeles,-8,Y
016-000,"Make-A-Wish? Mid-Atlantic, Inc.",5272 River Road,Suite 700,Bethesda,,MD,20816,(301) 962-9474 ,(301) 962-6900 ,After Hours Nightline,(301) 962-9474 ,"Serves all of Maryland, Delaware, D.C. and Northern Virginia",info@midatlantic.wish.org,wishreferral@midatlantic.wish.org,info@midatlantic.wish.org,info@midatlantic.wish.org,Tara  Wilson Jones,Director of Events & Marketing,(240) 395-4338 ,tjones@midatlantic.wish.org,Laura  Caldwell,President & CEO,(301) 962-9474 ,(301) 962-6900 ,lcaldwell@midatlantic.wish.org,midatlantic.wish.org,,,,,,UA-10695845-17,NULL,NULL,NULL,,52-1306075,,1,,,,,NULL,"Make-A-Wish Foundation? of the Mid-Atlantic, Inc.",-5,Y
016-001,"Make-A-Wish? Mid-Atlantic, Inc., Baltimore Field Office",9475 Deereco Road,"Deer Park Center, Suite 306",Timonium,United States,MD,21093,(410) 580-9474 ,(410) 453-9434 , ,,Serves Baltimore City and Baltimore County and 9 adjacent counties,info@midatlantic.wish.org,wishreferral@midatlantic.wish.org,info@midatlantic.wish.org,info@midatlantic.wish.org,Tara  Wilson Jones,Director of Events & Marketing,(240) 395-4338 ,tjones@midatlantic.wish.org,Laura  Caldwell,President & CEO,(301) 962-9474 ,(301) 962-6900 ,lcaldwell@midatlantic.wish.org,midatlantic.wish.org,NULL,NULL,,,,UA-10695845-17,NULL,NULL,NULL,,52-1306075,,1,NULL,NULL,NULL,NULL,NULL,"Make-A-Wish Foundation? of the Mid-Atlantic, Inc., Baltimore Field Office",-5,Y
016-002,"Make-A-Wish? Mid-Atlantic, Inc., Delaware Field Office",3519 Silverside Road,Ridgely Building Suite 100,Wilmington,United States,DE,19810,(302) 475-9474 ,(302) 478-7308 , ,,"Serves children in the the state of Delaware and the Maryland counties of Cecil, Somerset, Wicomico and Worchester",info@midatlantic.wish.org,wishreferral@midatlantic.wish.org,info@midatlantic.wish.org,info@midatlantic.wish.org,Tara  Wilson Jones,Director of Events & Marketing,(240) 395-4338 ,tjones@midatlantic.wish.org,Laura  Caldwell,President & CEO,(301) 962-9474 ,(301) 962-6900 ,lcaldwell@midatlantic.wish.org,www.midatlantic.wish.org,NULL,NULL,,,,UA-10695845-17,NULL,NULL,NULL,,52-1306075,,1,NULL,NULL,NULL,NULL,NULL,"Make-A-Wish Foundation? of the Mid-Atlantic, Inc., Delaware Field Office",-5,Y
017-000,"Make-A-Wish? Southern Florida, Inc.",4491 S State Road 7, Suite 201,Ft. Lauderdale,,FL,33314,(954) 967-9474 ,(954) 987-7159 ,Toll Free,(888) 773-9474 ,"Serves Monroe, Dade, Broward, Palm Beach, Martin, St. Lucie, Indian River, Highlands, Okeechobee, Collier, Lee, Hendry and Glades counties and the US ",info@sfla.wish.org,info@sfla.wish.org,info@sfla.wish.org,admin@sflawish.org,Richard  Kelly,Vice President of Brand Advancement & Chapter Oper,(954) 967-9474 x307,rkelly@sflawish.org,Wanda  Trouba,Vice President of Development,(954) 967-9474 x304,(954) 987-7159 ,wtrouba@sflawish.org,sfla.wish.org,http://twitter.com/makeawishsfla,@makeawishsfla,http://www.facebook.com/makeawishsfla,makeawishsfla,1.48887E+14,UA-10695845-18,NULL,NULL,NULL,,59-2620322,,1,ytjJaVZWBoDStkN6rF8NQ,XpSDejssuvTjqQPI9PKkm53KsR5WYhJOpKYPhaHvxUY,726330125f269d48146efb853c5f93da,http://www.youtube.com/makeawishsfla,NULL,"Make-A-Wish Foundation? of Southern Florida, Inc.",-5,Y
017-001,"Make-A-Wish? Southern Florida, West Coast Field Office",3655 Bonita Beach Road,Suite 3,Bonita Springs,,FL,34134,(239) 992-9474 ,(239) 992-2833 ,,,"Serves Collier, Glades, Hendry, and Lee counties ",swfl@sfla.wish.org,swfl@sfla.wish.org,info@sfla.wish.org,admin@sflawish.org,Richard  Kelly,Vice President of Brand Advancement & Chapter Oper,(954) 967-9474 x307,rkelly@sflawish.org,Wanda  Trouba,Vice President of Development,(954) 967-9474 x304,(954) 987-7159 ,wtrouba@sflawish.org,sfla.wish.org,,,http://www.facebook.com/makeawishsfla,makeawishsfla,1.48887E+14,UA-10695845-18,NULL,NULL,NULL,,59-2620322,,1,,,,,NULL,"Make-A-Wish Foundation? of Southern Florida, West Coast Field Office",-5,Y
017-002,Make-A-Wish? U.S. Virgin Islands,PO Box 503027,,St Thomas,,VI,805,(340) 513-8213 ,(954) 967-2468 ,,,Serves the U.S. Virgin Islands,info@usvi.wish.org,info@usvi.wish.org, info@sfla.wish.org,admin@sflawish.org,Richard  Kelly,Vice President of Brand Advancement & Chapter Oper,(954) 967-9474 x307,rkelly@sflawish.org,Wanda  Trouba,Vice President of Development,(954) 967-9474 x304,(954) 967-2468 ,wtrouba@sflawish.org,www.usvi.wish.org,,,http://www.facebook.com/makeawishsfla,makeawishsfla,1.48887E+14,UA-10698054-21,NULL,NULL,NULL,,59-2620322,,1,,,,,NULL,Make-A-Wish Foundation? of U.S. Virgin Islands,-4,N
018-000,Make-A-Wish? Nebraska,11926 Arbor Street,Suite 102,Omaha,,NE,68144,(402) 333-8999 ,(402) 333-8228 ,Toll Free,(800) 760-9474 ,Serves the entire state of Nebraska,info@nebraska.wish.org,info@nebraska.wish.org,info@nebraska.wish.org,lpiller@nebraska.wish.org,Brigette M Young,President,(402) 333-8999 x13,byoung@nebraska.wish.org,Kiley  Thiele,Vice President of Development and Marketing,(402) 333-8999 ,(402) 333-8228 ,kthiele@nebraska.wish.org,nebraska.wish.org,,,,,1.27039E+14,UA-10695845-19,NULL,NULL,NULL,,470671096,,1,UzlVxIIVVPTgq58owdK5g,GJp1N3MkQzcFwkYC5yPf7igXkgPwOenoT31dhgEx4fs,47c26e934566c18ee5db68284d9bfcc1,,NULL,Make-A-Wish Foundation? of Nebraska,-6,Y
018-001,"Make-A-Wish? Nebraska, Lincoln Office",5800 Cornhusker Hwy,"Bldg #1, Unit 4",Lincoln,United States,NE,68507,(402) 475-9474 ,(402) 475-9481 ,Toll Free,(800) 760-9474 ,Assists the Omaha Office serve the entire state of Nebraska,info@nebraska.wish.org,info@nebraska.wish.org,info@nebraska.wish.org,lpiller@nebraska.wish.org,Brigette M Young,President,(402) 333-8999 x13,byoung@nebraska.wish.org,Kiley  Thiele,Vice President of Development and Marketing,(402) 333-8999 ,(402) 333-8228 ,kthiele@nebraska.wish.org,www.nebraska.wish.org,NULL,NULL,,,1.27039E+14,UA-10695845-19,NULL,NULL,NULL,,470671096,,1,NULL,NULL,NULL,NULL,NULL,"Make-A-Wish Foundation? of Nebraska, Lincoln Office",-6,Y
018-002,"Make-A-Wish? Nebraska, Kearney Office",8 West 56th St., Suite B-2 North,Kearney,United States,NE,68847,(308) 234-6612 ,(308) 234-6613 ,,,Serves the 55 western-most counties west of Highway 81,hstone@nebraska.wish.org,info@nebraska.wish.org,info@nebraska.wish.org,lpiller@nebraska.wish.org,Brigette M Young,President,(402) 333-8999 x13,byoung@nebraska.wish.org,Kiley  Thiele,Vice President of Development and Marketing,(402) 333-8999 ,(402) 333-8228 ,kthiele@nebraska.wish.org,www.nebraska.wish.org,NULL,NULL,,,1.27039E+14,UA-10695845-19,NULL,NULL,NULL,,470671096,,1,NULL,NULL,NULL,NULL,NULL,"Make-A-Wish Foundation? of Nebraska, Kearney Office",-6,Y
022-000,Make-A-Wish? Michigan,2300 Genoa Business Park Drive,Suite 290,Brighton,,MI,48114,(734) 994-8620 ,(734) 994-8025 ,Toll Free Michigan Only,(800) 622-9474 ,Serves the entire state of Michigan,wish@wishmich.org,wishgranter@wishmich.org,wish@wishmich.org,mmcevoy@wishmich.org,Sarah  Clevenger,VP of Marketing & Brand Advancement,(734) 994-8620 x111,sclevenger@wishmich.org,Jennifer G Connery,COO & Vice President of Philanthropy,(734) 994-8620 x112,(734) 994-8025 ,jconnery@wishmich.org,www.wishmich.org,,,,,4.20335E+14,UA-10695845-5,NULL,NULL,NULL,,38-2505812,,1,EjE0RwsCYIHJ2lwYHn2BGg,lluBYLdUtlpqtuHDgfbkLffNTYHw7Ib0vF5BYd9fo8,31417ae0911c7622221c50d252401b15,http://www.youtube.com/user/MakeAWishMI,NULL,Make-A-Wish Foundation? of Michigan,-5,Y
022-002,"Make-A-Wish? Michigan, Grand Rapids Office",648 Monroe Ave NW,Suite 104,Grand Rapids,,MI,49503,(616) 363-4607 ,(616) 363-5415 ,Toll Free,(877) 631-9474 ,"Serves Kent, Ottawa, Muskegon, Allegan, Kalamazoo, Berrien, Barry, Van Buren, Cass, and St. Joseph Counties.",wish@wishmich.org,wishgranter@wishmich.org,wish@wishmich.org,mmcevoy@wishmich.org,Sarah  Clevenger,VP of Marketing & Brand Advancement,(734) 994-8620 x111,sclevenger@wishmich.org,Jennifer G Connery,COO & Vice President of Philanthropy,(734) 994-8620 x112,(734) 994-8025 ,jconnery@wishmich.org,www.wishmich.org,,,,,4.20335E+14,UA-10695845-5,NULL,NULL,NULL,,38-2505812,,1,,,,,NULL,"Make-A-Wish Foundation? of Michigan, Grand Rapids Office",-5,Y
022-003,"Make-A-Wish? Michigan, Detroit Office","Old Hutzel Building, Ground Floor, G67",4707 St. Antoine Street,Detroit,United States,MI,48201,(313) 833-9100,(313) 833-9103,Toll Free,(888) 857-9474, ,wish@wishmich.org,wish@wishmich.org,wish@wishmich.org,mmcevoy@wishmich.org,Sarah  Clevenger,VP of Marketing & Brand Advancement,(734) 994-8620 x111,sclevenger@wishmich.org,Jennifer G Connery,COO & Vice President of Philanthropy,(734) 994-8620 x112,(734) 994-8025 ,jconnery@wishmich.org,www.wishmich.org,NULL,NULL,,,4.20335E+14,UA-10695845-5,NULL,NULL,NULL,,38-2505812,,1,NULL,NULL,NULL,NULL,NULL,"Make-A-Wish Foundation? of Michigan, Detroit Office",-5,Y
024-000,Make-A-Wish? San Diego,2440 Hotel Circle North,Suite 200,San Diego,,CA,92108,(858) 707-9474 x108,(858) 707-9480 , Lyon,(858) 707-9474 x108,Serves San Diego and Imperial Counties (i.e. southern most region of the state).,info@wishsandiego.org,salbert@wishsandiego.org,tlopez@wishsandiego.org,tlopez@wishsandiego.org,Christine  Reed,Communications Manager,(858) 707-9474 ,creed@wishsandiego.org,Dana  Vandersip,Vice President of Development,(858) 707-9474 x102,(858) 707-9480 ,dvandersip@wishsandiego.org,www.wishsandiego.org,,,,,,UA-10695845-21,NULL,NULL,NULL,,330039466,,1,,,,,NULL,Make-A-Wish Foundation? of San Diego,-8,Y
025-000,Make-A-Wish? Greater Bay Area ,55 Hawthorne Street,8th floor,San Francisco,,CA,94105,(415) 982-9474 ,(415) 982-0444 ,415-445-4033 ,(415) 445-4033 ,Serves the San Francisco Bay Area + upper northwest and upper western coastline,info@sfwish.org,info@sfwish.org,info@sfwish.org,skaplan@sfwish.org,Jennifer W Wilson,Marketing & Promotions Manager,(415) 321-7388 ,jwilson@sfwish.org,David  Hatfield,Director of Development,(415) 402-2768 ,(415) 982-0444 ,dhatfield@sfwish.org,www.sf.wish.org,http://www.twitter.com/sfwish,@sfwish,http://www.facebook.com/sfwish,sfwish,3.17156E+14,UA-10695845-22,NULL,NULL,NULL,,94-2958481,,1,dNbqbGkz8FKENiH8SBOTAw,  gSESEymm45MFQkDMba8jTrgGcuPYW6B9snHm8rlw9c,afebf3040b4e12784c578b33e13de9de,http://www.youtube.com/makeawishsf,NULL,Make-A-Wish Foundation? of Greater Bay Area ,-8,Y
027-000,Make-A-Wish? South Dakota,1400 West 17th Street, ,Sioux Falls,,SD,57104,(605) 335-8000 ,(605) 335-8002 ,Toll Free South Dakota ,(800) 640-9198 ,Serves the entire state of South Dakota,info@southdakota.wish.org,rkasa@southdakota.wish.org,info@southdakota.wish.org,pkrueger@southdakota.wish.org,Paul R Krueger,President/CEO,(605) 335-8000 ,pkrueger@southdakota.wish.org,Paul R Krueger,President/CEO,(605) 335-8000 ,(605) 335-8002 ,pkrueger@southdakota.wish.org,www.southdakota.wish.org,,,,,4.48922E+14,UA-10695845-24,NULL,NULL,NULL,,46-0375953,,1,,,61741533276a65277ae7479b90e9e93e,http://www.youtube.com/user/WishesSD,NULL,Make-A-Wish Foundation? of South Dakota,-6,Y
027-001,Make-A-Wish? South Dakota,14 Saint Joseph St. Suite 200D,,Rapid City,,SD,57701,(605) 791-4500 ,(605) 791-4500 ,Toll Free,(800) 640-9198 ,Serves seven counties in western South Dakota,info@southdakota.wish.org,info@southdakota.wish.org,info@southdakota.wish.org,pkrueger@southdakota.wish.org,Paul R Krueger,President/CEO,(605) 335-8000 ,pkrueger@southdakota.wish.org,Paul R Krueger,President/CEO,(605) 335-8000 ,(605) 335-8002 ,pkrueger@southdakota.wish.org,www.southdakota.wish.org,,,,,4.48922E+14,UA-10695845-24,NULL,NULL,NULL,,46-0375953,,1,,,,,NULL,"Make-A-Wish Foundation? of South Dakota, Rapid City Office",-7,Y
028-000,Make-A-Wish? Kansas,2016 North Amidon, ,Wichita,,KS,67203,(316) 838-9474 ,(316) 832-1108 ,Toll Free Kansas Only:,(800) 566-9474 ,Serves 99 counties in the state of Kansas,kansas@kansas.wish.org,ascheideman@kansas.wish.org,ascheideman@kansas.wish.org,ascheideman@kansas.wish.org,Lisa L Capps,Director of Development,(316) 838-9474 ,lcapps@kansas.wish.org,Lisa L Capps,Director of Development,(316) 838-9474 ,(316) 832-1108 ,lcapps@kansas.wish.org,www.wishks.org,,,http://www.facebook.com/#!/pages/Make-A-Wish-Kansas/137372726316436,4.47218E+14,,UA-10695845-25,NULL,NULL,NULL,,48-0984820,,1,,,,,NULL,Make-A-Wish Foundation? of Kansas,-6,Y
029-000,Make-A-Wish? Wisconsin,13195 West Hampton Avenue, ,Butler,,WI,53007,(262) 781-4445 ,(262) 781-3736 ,Toll Free Wisconsin Only,(800) 236-9474 ,Serves the entire state of Wisconsin,info@wisconsin.wish.org,jsmith@wisconsin.wish.org,info@wisconsin.wish.org,dgroszczyk@wisconsin.wish.org,Forrest  Doolen,Public Relations Manager,(262) 781-4445 x113,fdoolen@wisconsin.wish.org,Wendy  Cozzens,Director of Development,(262) 781-4445 x104,(262) 781-3736 ,wcozzens@wisconsin.wish.org,wisconsin.wish.org,,,http://www.facebook.com/wisconsinwish,wisconsinwish,,UA-10695845-26,NULL,NULL,NULL,,39-1543541,,1,,,,,NULL,Make-A-Wish Foundation? of Wisconsin,-6,Y
029-001,"Make-A-Wish? Wisconsin, Northeastern Office",100 W. College Ave.,Suite E,Appleton,,WI,54911,(920) 993-9994 ,(920) 993-9996 ,,,Serves the 11 most northeastern counties of Wisconsin,kteofilo@wisconsin.wish.org,jsmith@wisconsin.wish.org,info@wisconsin.wish.org,dgroszczyk@wisconsin.wish.org,Forrest  Doolen,Public Relations Manager,(262) 781-4445 x113,fdoolen@wisconsin.wish.org,Wendy  Cozzens,Director of Development,(262) 781-4445 x104,(262) 781-3736 ,wcozzens@wisconsin.wish.org,wisconsin.wish.org,,,http://www.facebook.com/wisconsinwish,wisconsinwish,,UA-10695845-26,NULL,NULL,NULL,,39-1543541,,1,,,,,NULL,"Make-A-Wish Foundation? of Wisconsin, Northeastern Office",-6,Y
029-002,"Make-A-Wish? Wisconsin, Madison Regional Office",1 South Pinckney St.,Suite 40,Madison,,WI,53703,(608) 252-4321 ,(608) 252-4320 ,Toll Free,(800) 236-9474 ,Serves south central Wisconsin,madison@wisconsin.wish.org,jsmith@wisconsin.wish.org,info@wisconsin.wish.org,dgroszczyk@wisconsin.wish.org,Forrest  Doolen,Public Relations Manager,(262) 781-4445 x113,fdoolen@wisconsin.wish.org,Wendy  Cozzens,Director of Development,(262) 781-4445 x104,(262) 781-3736 ,wcozzens@wisconsin.wish.org,wisconsin.wish.org,,,http://www.facebook.com/wisconsinwish,wisconsinwish,,UA-10695845-26,NULL,NULL,NULL,,39-1543541,,1,,,,,NULL,"Make-A-Wish Foundation? of Wisconsin, Madison Regional Office",-6,Y
030-000,Make-A-Wish? Minnesota,615 First Ave NE,Suite 415,Minneapolis,,MN,55413,(612) 767-9474 ,(612) 767-2768 ,,,Serves the entire state of Minnesota,info@wishmn.org,lsemanko@wishmn.org,info@wishmn.org,webadmin@wishmn.org,Helen  Ng,Communications & Grants Manager,(612) 767-2759 ,hng@wishmn.org,Thomas J McKinney,President and CEO,(612) 767-2753 ,(612) 767-2768 ,tmckinney@wishmn.org,www.mn.wish.org,http://www.twitter.com/makeawishmn,@makeawishmn,http://www.facebook.com/makeawishmn,makeawishmn,5.12796E+14,UA-10695845-27,NULL,NULL,NULL,,41-1422893  ,,1,VDxKhzYkMsErcIBp3noA,FEACU1e2P7BP0EzY6gWJXXCG1Xf8nfIbrc8MZvrLuAc,fdf254ffe7089e61a61aed6839fe80a8,http://www.youtube.com/makeawishminn,NULL,Make-A-Wish Foundation? of Minnesota,-6,Y
031-000,Make-A-Wish? Central & South Texas,2224 Walsh Tarlton Lane,Suite 200,Austin,,TX,78746,(512) 329-9474 ,(512) 328-3326 ,Toll Free Central Texas Only,(800) 880-9474 ,Serves the central and southern 1/3 of Texas state,info@cstx.wish.org,charity@cstx.wish.org,info@cstx.wish.org,chad@cstx.wish.org,Glenn  West,President & CEO,(512) 329-9474 ,Glenn@cstx.wish.org,Glenn  West,President & CEO,(512) 329-9474 ,(512) 328-3326 ,Glenn@cstx.wish.org,cstx.wish.org,https://twitter.com/makeawishcstx,@makeawishcstx,http://www.facebook.com/MakeAWishCSTX,MakeAWishCSTX,,UA-10695845-44,NULL,NULL,NULL,,74-2357788,,1,Xg0pyGdxOHM9SaTatjf2g,MKu5LI2BuD3YOd57ZXHwT6W53fBEOfwTTO2DgtW5Ls,,http://www.youtube.com/user/makeAWishCSTX,NULL,Make-A-Wish Foundation? of Central & South Texas,-6,Y
033-000,Make-A-Wish? Central New York,5005 Campuswood Drive, ,East Syracuse,,NY,13057,(315) 475-9474 ,(315) 475-9476 ,Toll Free,(800) 846-9474 ,Serves the center 1/3 of the state of New York,info@makeawishcny.org,wishworld@makeawishcny.org,info@makeawishcny.org,bkistner@makeawishcny.org,Bethann  Kistner,PR / Communications Manager,(315) 475-9474 ,bkistner@makeawishcny.org,Christine E Corbett,Director of Development,(315) 475-9474 ,(315) 475-9476 ,ccorbett@makeawishcny.org,www.cny.wish.org,https://twitter.com/makeawishcny,@makeawishcny,https://www.facebook.com/MakeAWishCNY?ref=hl,makeawishcny,,UA-10695845-28,NULL,NULL,NULL,,22-2572086,,1,,,, http://www.youtube.com/user/MakeAWishCNY,NULL,Make-A-Wish Foundation? of Central New York,-5,Y
034-000,Make-A-Wish? South Carolina,225 South Pleasantburg Drive,B8,Greenville,,SC,29607,(864) 250-0702 ,(864) 250-0704 ,Toll Free - Charleston Office,(800) 293-9474 ,Serves the entire state of South Carolina,wish@sc.wish.org,thoward@sc.wish.org,wish@sc.wish.org,hpierce@sc.wish.org,Megan  Harding,Communications,(864) 250-0702 ,mharding@sc.wish.org,Mary K Silverberg,Development,(843) 817-4251 ,(864) 250-0704 ,msilverberg@sc.wish.org,sc.wish.org,,,,,,UA-10695845-29,NULL,NULL,NULL,,57-0786119,,1,,,,,NULL,Make-A-Wish Foundation? of South Carolina,-5,Y
035-000,Make-A-Wish? Texas Gulf Coast & Louisiana,1604 Bissonnet, ,Houston,,TX,77005,(713) 942-9474 ,(713) 942-9475 ,,,Serves the 47 counties along the Gulf Coast of Texas and the entire state of Louisiana,ceo@texgulf.wish.org,canderson@texgulf.wish.org,ceo@texgulf.wish.org,development@texgulf.wish.org,Teresa  E Andrepont,President & CEO,(713) 942-9474 x15,ceo@texgulf.wish.org,Amanda  Mewborn,Development Coordinator,(713) 942-9474 x16,(713) 942-9475 ,development@texgulf.wish.org,texgulf.wish.org,,,http://www.facebook.com/pages/Make-A-Wish-Texas-Gulf-Coast-and-Louisiana/109779415720268,1.09779E+14,,UA-10695845-30,NULL,NULL,NULL,,76-0116615,,1,,,,,NULL,Make-A-Wish Foundation? of the Texas Gulf Coast & Louisiana,-6,Y
035-001,"Make-A-Wish? Texas Gulf Coast & Louisiana, Louisiana Office",3340 Severn Avenue,Suite 350,Metairie,,LA,70002,(504) 846-9474 ,(504) 846-2925 ,Toll Free,(888) 677-9474 ,Serves the 47 counties along the Gulf Coast of Texas and the entire state of Louisiana,info@louisiana.wish.org,wish@louisiana.wish.org,ceo@texgulf.wish.org,development@texgulf.wish.org,Teresa  E Andrepont,President & CEO,(713) 942-9474 x15,ceo@texgulf.wish.org,Amanda  Mewborn,Development Coordinator,(713) 942-9474 x16,(713) 942-9475 ,development@texgulf.wish.org,texgulf.wish.org,,,http://www.facebook.com/pages/Make-A-Wish-Texas-Gulf-Coast-and-Louisiana/109779415720268,1.09779E+14,,UA-10695845-30,NULL,NULL,NULL,,76-0116615,,1,,,,,NULL,"Make-A-Wish Foundation? of the Texas Gulf Coast & Louisiana, Louisiana Office",-6,Y
036-000,Make-A-Wish? Mississippi,576 Highland Colony Parkway,Suite 120,Ridgeland,,MS,39157,(601) 366-9474 ,(601) 898-3990 ,Toll Free,(800) 819-4072 ,Serves the southern 3/4 of Mississippi,info@ms.wish.org,judy@ms.wish.org,brent@ms.wish.org,catherine@ms.wish.org,Brent E Wilson,Presidnet/CEO,(601) 366-9474 x301,brent@ms.wish.org,Jane  Walsh,Development Manager,(601) 366-9474 x305,(601) 898-3990 ,jwalsh@ms.wish.org,www.ms.wish.org,https://twitter.com/MakeAWishMS,@MakeAWishMS,https://www.facebook.com/mswish,5.21709E+14,5.04078E+14,UA-10695845-31,NULL,NULL,NULL,,64-0730362,,1,Hx3RzJyhNimbHACZ5L95Q,RpmmyVe6KH0JtIVS7o56tDbg3KIqovAUCC7zf3Teg0,68c8d9b7165fd31c25020d7dac3e2c6b,,NULL,Make-A-Wish Foundation? of Mississippi,-6,Y
036-001,"Make-A-Wish? Mississippi, Southern Region - Gulfport",P. O. Box 7488, ,Gulfport,United States,MS,39506,(228) 575-8691 ,(601) 362-4752 ,Emergency Cellular,(601) 214-3472, ,smoses@ms.wish.org,judy@ms.wish.org,brent@ms.wish.org,catherine@ms.wish.org,Brent E Wilson,Presidnet/CEO,(601) 366-9474 x301,brent@ms.wish.org,Jane  Walsh,Development Manager,(601) 366-9474 x305,(601) 898-3990 ,jwalsh@ms.wish.org,www.ms.wish.org,NULL,NULL,https://www.facebook.com/mswish,5.21709E+14,5.04078E+14,UA-10695845-31,NULL,NULL,NULL,,64-0730362,,1,NULL,NULL,NULL,NULL,NULL,"Make-A-Wish Foundation? of Mississippi, Southern Region - Gulfport",-6,Y
039-000,Make-A-Wish? Tri-Counties,4222 Market Street,Suite D,Ventura,,CA,93003,(805) 676-9474 ,(805) 850-0168 ,,,"Serves Central Coast - Ventura, Santa Barbara and San Luis Obispo Counties of the state",info@tri-counties.wish.org,lmckenzie@tri-counties.wish.org,czamudio@tri-counties.wish.org,czamudio@tri-counties.wish.org,Shanna W Taylor,Chief Executive Officer,(805) 676-9474 x4,staylor@tri-counties.wish.org,Shanna W Taylor,Chief Executive Officer,(805) 676-9474 x4,(805) 850-0168 ,staylor@tri-counties.wish.org,tri-counties.wish.org,,,,,,UA-10695845-32,NULL,NULL,NULL,,77-0098671,,1,,,,,NULL,Make-A-Wish Foundation? of Tri-Counties,-8,Y
041-000,Make-A-Wish? Montana,175 N. 27th Street,Suite 1214,Billings,,MT,59101,(406) 259-9848 ,(406) 252-2157 ,Toll Free,(800) 574-9474 ,Serves the entire state of Montana,montana@wishworld.org,montana@wishworld.org,montana@wishworld.org,cpraskovich@wishworld.org,Heather  Ohs,Montana State Manager,(800) 574-9474 ,hohs@wishworld.org,Heather  Ohs,Montana State Manager,(800) 574-9474 ,(406) 252-2157 ,hohs@wishworld.org,montana.wish.org,,,https://www.facebook.com/pages/Make-A-Wish-Montana/145674795474936,1.45675E+14,5.12029E+14,UA-10698054-19,NULL,NULL,NULL,,25-1464177,,1,,,9d710bdd1cb14469b99962c13eaa4d16,http://www.youtube.com/user/MakeAWishMT,NULL,Make-A-Wish Foundation? of Montana,-7,Y
042-000,Make-A-Wish? Utah,771 East Winchester,,Murray,,UT,84107,(801) 262-9474 ,(801) 262-1294 ,Toll Free Utah Only,(800) 860-9474 ,Serves the entire state of Utah.,slewis@utah.wish.org,fnilson@utah.wish.org,info@utah.wish.org,paxelrod@utah.wish.org,Autumn  Thatcher,Communications Manager,(801) 262-9474 ,athatcher@utah.wish.org,Paula  Axelrod,Director of Development,(801) 305-1930 ,(801) 262-1294 ,paxelrod@utah.wish.org,www.utah.wish.org,http://www.twitter.com/makeawishutah,@makeawishutah,http://www.facebook.com/makeawishutah,makeawishutah,3.63198E+14,UA-10695845-33,NULL,NULL,NULL,,74-2392822,,1,WHw7WQto7yeWkvseRGEg,J5CE3NjmxRhGUiXfftOh98V53VAviRnFGUt2mqtQ8o,e2cab2e552fd80a94cfa3857c74c0674,http://www.youtube.com/makeawishutah,NULL,Make-A-Wish Foundation? of Utah,-7,Y
043-000,Make-A-Wish? Wyoming,P.O. Box 273, ,Casper,,WY,82602,(307) 234-9474 ,(307) 268-8469 ,Toll Free Wyoming Only,(888) 996-9474 ,Serves the entire state,makeawish@wyoming.wish.org,makeawish@wyoming.wish.org,makeawish@wyoming.wish.org,mlegerski@wyoming.wish.org,Morgan  Legerski,Interim CEO,(307) 234-9474 ,mlegerski@wyoming.wish.org,Morgan  Legerski,Interim CEO,(307) 234-9474 ,(307) 268-8469 ,mlegerski@wyoming.wish.org,wyoming.wish.org,,,http://facebook.com/makeawishwy,makeawishwyoming.wish.org,,UA-10695845-34,NULL,NULL,NULL,,83-0276233,,1,,,,,NULL,Make-A-Wish Foundation? of Wyoming,-7,Y
044-000,Make-A-Wish? Central California,351 W. Cromwell Ave.,Suite 112-A,Fresno,,CA,93711,(559) 221-9474 ,(559) 221-9472 ,,,Serves the southeast and central portion of the state,info@centralca.wish.org,info@centralca.wish.org,info@centralca.wish.org,cortney@centralca.wish.org,Diana  Rambo,Executive Director,(559) 221-9474 ,diana@centralca.wish.org,Diana  Rambo,Executive Director,(559) 221-9474 ,(559) 221-9472 ,diana@centralca.wish.org,www.centralca.wish.org,,,https://www.facebook.com/pages/Make-A-Wish-Central-California,Make-A-Wish-Central-California,1.50381E+14,UA-10695845-35,NULL,NULL,NULL,,77-0116530,,1,,,91F1E4C1FCCFB531A8C5B07D91EB9EE9,,NULL,Make-A-Wish Foundation? of Central California,-8,Y
045-000,Make-A-Wish? Illinois,640 North LaSalle Drive,Suite 280,Chicago,,IL,60654,(312) 602-9474 ,(312) 943-9813 ,Toll Free,(800) 978-9474 ,Serves the entire state of Illinois,info@wishes.org,zwolinski@wishes.org,info@wishes.org,miller@wishes.org,Jessica  Miller,Communications Manager,(312) 602-9412 ,miller@wishes.org,Heather  Simpson,Chief Development Officer,(312) 602-9434 ,(312) 943-9813 ,simpson@wishes.org,www.wishes.org,http://twitter.com/#!/wishillinois,@WishIllinois,http://www.facebook.com/WishIllinois,WishIllinois,2.24287E+14,UA-10695845-36,NULL,NULL,NULL,,36-3422138,,1,EH5iW2GMy2oarLI3TNJSEA,FfAKlTrGjL2tITxV8kzD4SO1IbgDJ8v1D51RieG3uY,230ea3334151b271db8bf9f73675c6ef,http://www.youtube.com/user/MAWFINews,NULL,Make-A-Wish Foundation? of Illinois,-6,Y
047-000,Make-A-Wish? Central & Western North Carolina,Johnston Building,"212 S. Tryon St., Suite 1080",Charlotte,,NC,28281,(704) 339-0334 ,(704) 339-0335 ,Toll Free,(877) 677-9474 ,Serves the central and western regions of North Carolina.,info@ncwish.org,inquiry@ncwish.org,abrindley@ncwish.org,slee@ncwish.org,Summer  Lee,Branding & Communications Coordinator,(704) 339-0334 x226,slee@ncwish.org,Amy  Brindley,President,(704) 339-0334 x227,(704) 339-0335 ,abrindley@ncwish.org,nc.wish.org,http://www.twitter.com/MakeAWish_CWNC,@MakeAWish_CWNC,http://www.facebook.com/ncwish,ncwish,,UA-10695845-37,NULL,NULL,NULL,,56-1492432,,1,6tygOLFXiidYtAYKmT4FQ,kPZUodSunY95zPqqAJW0ep1doGJmr0vQDveYhlC02PU,,http://www.youtube.com/user/makeawishcwnc,NULL,Make-A-Wish Foundation? of Central & Western North Carolina,-5,Y
048-000,Make-A-Wish? Alaska & Washington,811 1st Ave  #520,,Seattle,,WA,98104,(206) 623-5300 ,(206) 623-5333 ,Toll Free,(800) 304-9474 ,"Serves the states of Alaska and Washington, except Clark County, ",barry@nwwishes.org,meredith@nwwishes.org,info@nwwishes.org,tai@nwwishes.org,Jeannette  Tarcha,Director of Communications & Marketing,(206) 623-5338 ,jeannette@nwwishes.org,Jan  Jacobs,"VP, Mission Advancement",(206) 623-5300 ,(206) 623-5333 ,jan@nwwishes.org,akwa.wish.org,http://www.twitter.com/MakeAWishAKWA,@MakeAWishAKWA,http://www.facebook.com/northwestwishes,northwestwishes,3.14273E+14,UA-10695845-38,NULL,NULL,NULL,,91-1329433,,1,0jnZcWgMC5yMOILAwhWQ,HecPQYXBOxRZIN5x4WyrFeDmeWe9t0mdtho2OrDM,a2761ba6433eff0c8a49097aa75b76a9,http://www.youtube.com/MakeAWishAKWA,NULL,Make-A-Wish Foundation? of Alaska & Washington,-8,Y
048-001,"Make-A-Wish? Alaska & Washington, Eastern Washington Office",104 S Freya St,Green Flag Bldg  #311A,Spokane,,WA,99202,(509) 458-2618 ,(509) 458-2613 ,Toll Free,(800) 207-8476 ,Serves Eastern Washington,leslie@nwwishes.org,Meredith@nwwishes.org,info@nwwishes.org,tai@nwwishes.org,Jeannette  Tarcha,Director of Communications & Marketing,(206) 623-5338 ,jeannette@nwwishes.org,Jan  Jacobs,"VP, Mission Advancement",(206) 623-5300 ,(206) 623-5333 ,jan@nwwishes.org,akwa.wish.org,,,http://www.facebook.com/northwestwishes,northwestwishes,3.14273E+14,UA-10695845-38,NULL,NULL,NULL,,91-1329433,,1,,,,,NULL,"Make-A-Wish Foundation? of Alaska & Washington, Eastern Washington Office",-8,Y
048-002,"Make-A-Wish? Alaska & Washington, Alaska Office",165 E 56th Ave  #4,,Anchorage,,AK,99518,(907) 258-9474 ,(907) 258-9475 ,Toll Free,(877) 510-9474 ,Serves the state of Alaska,nicole@nwwishes.org,meredith@nwwishes.org,info@nwwishes.org,tai@nwwishes.org,Jeannette  Tarcha,Director of Communications & Marketing,(206) 623-5338 ,jeannette@nwwishes.org,Jan  Jacobs,"VP, Mission Advancement",(206) 623-5300 ,(206) 623-5333 ,jan@nwwishes.org,akwa.wish.org,,,http://www.facebook.com/northwestwishes,northwestwishes,3.14273E+14,UA-10695845-38,NULL,NULL,NULL,,91-1329433,,1,,,,,NULL,"Make-A-Wish Foundation? of Alaska & Washington, Alaska Office",-9,Y
049-000,Make-A-Wish? Mid-South,1780 Moriah Woods Blvd.,Suite 10,Memphis,,TN,38117,(901) 680-9474 ,(901) 680-0912 ,Toll Free,(800) 264-9474 ,"Serves areas in the following states: AR, northern 1/3 of MS, western 1/3 of TN",midsouth@midsouth.wish.org,mwolverton@midsouth.wish.org,midsouth@midsouth.wish.org,mharbor@midsouth.wish.org,Miranda  Harbor,Communications & Community Outreach Manager,(901) 692-9514 ,mharbor@midsouth.wish.org,Liz  Nelson,CEO,(901) 692-9509 ,(901) 680-0912 ,lnelson@midsouth.wish.org,www.midsouth.wish.org,,,,,,UA-10695845-39,NULL,NULL,NULL,,62-1253153,,1,,,,,NULL,Make-A-Wish Foundation? of the Mid-South,-6,Y
049-001,Make-A-Wish? Mid-South? Arkansas Office,320 Executive Court,Suite 101,Little Rock,United States,AR,72205,(501) 376-9474 ,(501) 372-1290 ,Toll Free,(888) 376-9474 , ,midsouth@midsouth.wish.org,mwolverton@midsouth.wish.org,midsouth@midsouth.wish.org,mharbor@midsouth.wish.org,Miranda  Harbor,Communications & Community Outreach Manager,(901) 692-9514 ,mharbor@midsouth.wish.org,Liz  Nelson,CEO,(901) 692-9509 ,(901) 680-0912 ,lnelson@midsouth.wish.org,www.midsouth.wish.org,,NULL,,,,UA-10695845-39,NULL,NULL,NULL,,62-1253153,,1,NULL,NULL,NULL,NULL,NULL,Make-A-Wish Foundation? of the Mid-South? Arkansas Office,-6,Y
050-000,Make-A-Wish? North Dakota,1102 43rd Street South,Suite E,Fargo,,ND,58103,(701) 280-9474 ,(701) 280-2684 ,Toll Free North Dakota Only,(800) 362-9474 ,Serves the entire state of North Dakota,info@northdakota.wish.org,kfoltz@northdakota.wish.org,info@northdakota.wish.org,daltendorf@northdakota.wish.org,Dana M Altendorf,Director of Community Relations,(701) 280-9474 ,daltendorf@northdakota.wish.org,Dana M Altendorf,Director of Community Relations,(701) 280-9474 ,(701) 280-2684 ,daltendorf@northdakota.wish.org,www.northdakota.wish.org,http://twitter.com/makeawishnd,@makeawishnd,http://www.facebook.com/makeawishnd,makeawishnd,,UA-10695845-40,NULL,NULL,NULL,,45-0393770,,1,,,,http://www.youtube.com/makeawishnd,NULL,Make-A-Wish Foundation? of North Dakota,-6,Y
051-000,Make-A-Wish? Philadelphia and Susquehanna Valley,"1 Valley Sq, Suite 133",,Blue Bell,,PA,19422,(215) 654-9355 ,(215) 654-9346 ,Toll Free,(877) 663-9474 ,"Serves the 10 counties in southeastern PA of  Bucks, Cumberland, Chester, Delaware, Dauphin, Lebanon, Lancaster, Montgomery, Perry, and Philadelphia.",dheron@philadelphia.wish.org,referrals@philadelphia.wish.org,mail@philadelphia.wish.org,svelazquez@philadelphia.wish.org,Karen L Traten,Director of Partnerships & Communications,(215) 654-9355 x117,ktraten@philadelphia.wish.org,Karen L Traten,Director of Partnerships & Communications,(215) 654-9355 x117,(215) 654-9346 ,ktraten@philadelphia.wish.org,www.philadelphia.wish.org,https://twitter.com/#!/MakeAWishPHL,@MakeAWishPHL,http://www.facebook.com/PhiladelphiaWish,Make-A-Wish Philadelphia & Susquehanna Valley,3.06535E+14,UA-10695845-41,NULL,NULL,NULL,,22-2755963,,1,,,fcdb25bab1407df77703d91b25d51683,http://www.youtube.com/MakeAWishPHL,NULL,Make-A-Wish Foundation? of Philadelphia and Susquehanna Valley,-5,Y
051-001,"Make-A-Wish? Philadelphia and Susquehanna Valley, Susquehanna Valley Office",1054 New Holland Avenue, ,Lancaster,,PA,17601,(717) 283-4880 ,(717) 260-3886 ,,, ,mpbattenfelder@philadelphia.wish.org,referrals@philadelphia.wish.org,mail@philadelphia.wish.org,svelazquez@philadelphia.wish.org,Karen L Traten,Director of Partnerships & Communications,(215) 654-9355 x117,ktraten@philadelphia.wish.org,Karen L Traten,Director of Partnerships & Communications,(215) 654-9355 x117,(215) 654-9346 ,ktraten@philadelphia.wish.org,www.philadelphia.wish.org,,,http://www.facebook.com/PhiladelphiaWish,Make-A-Wish Philadelphia & Susquehanna Valley,3.06535E+14,UA-10695845-41,NULL,NULL,NULL,,22-2755963,,1,,,,,NULL,"Make-A-Wish Foundation? of Philadelphia and Susquehanna Valley, Susquehanna Valley Office",-5,Y
053-000,Make-A-Wish? Hudson Valley,832 South Broadway,The Wish House,Tarrytown,,NY,10591,(914) 478-9474 ,(914) 478-8245 ,,,"Serves Westchester, Dutchess, Putnam, Ulster, Sullivan, Delaware, Orange and Rockland Counties",hudson@hudson.wish.org,ddamico@hudson.wish.org,hudson@hudson.wish.org,aalmanza@hudson.wish.org,Thomas J Conklin,President & CEO,(914) 478-9474 ,tconklin@hudson.wish.org,Tara  Thorne,Development Manager,(914) 478-0327 ,(914) 478-8245 ,tthorne@hudson.wish.org,www.hudson.wish.org,https://twitter.com/makeawishhv/,@makeawishhv,https://www.facebook.com/pages/Make-A-Wish-Foundation-of-the-Hudson-Valley/111913222163969,1.11913E+14,,UA-10695845-42,NULL,NULL,NULL,,13-3344306,,1,,,,,NULL,Make-A-Wish Foundation? of Hudson Valley,-5,Y
054-000,Make-A-Wish? Connecticut,126 Monroe Turnpike, ,Trumbull,,CT,6611,(203) 261-9044 ,(203) 268-2168 ,Toll Free,(877) 203-9474 ,Serves the entire state of Connecticut,conn@ct.wish.org,cheryl@ct.wish.org,sharon@ct.wish.org,michael@ct.wish.org,Michael P Dominick,Communications Manager,(203) 880-6964 ,michael@ct.wish.org,Michael T Burke,President & CEO,(203) 880-6962 ,(203) 268-2168 ,mike@ct.wish.org,www.ct.wish.org,,,,,,UA-10695845-43,NULL,NULL,NULL,,22-2710919,,1,,,,,NULL,Make-A-Wish Foundation? of Connecticut,-5,Y
056-000,Make-A-Wish? Idaho,4355 Emerald Street,Suite 280,Boise,,ID,83706,(208) 345-9474 ,(208) 342-8878 , Torene Bonner,(208) 720-7527 ,Serves the entire state of Idaho. ,idaho@idaho.wish.org,idaho@idaho.wish.org,info@idaho.wish.org,smaycock@idaho.wish.org,Torene  Bonner,CEO,(208) 345-9474 ,tbonner@idaho.wish.org,Torene  Bonner,CEO,(208) 345-9474 ,(208) 342-8878 ,tbonner@idaho.wish.org,www.idaho.wish.org,http://twitter.com/MakeAWish_Idaho,@MakeAWish_Idaho,http://www.facebook.com/MakeAWishIdaho?ref=hl,awilbur@idaho.wish.org,6.03911E+14,UA-10695845-45,NULL,NULL,NULL,,82-0408150,,1,pan0yCz6BWjG58WFTbjw,0J3WUrKOSJQQNXhvBYwMQGVnCo7YSmUMe31JuuIIVQ,3019643cfa8fb034a014cc02922e04b8,,NULL,Make-A-Wish Foundation? of Idaho,-7,Y
057-000,"Make-A-Wish? New Mexico, Inc.",144 Louisiana Blvd NE, ,Albuquerque,,NM,87108,(505) 888-9474 ,(505) 232-0678 ,,,Serves the entire state of New Mexico,magic@wishnm.org,allison@wishnm.org,magic@wishnm.org,allison@wishnm.org,Bob W Biggers,President/CEO,(505) 888-9474 ,bob@wishnm.org,Bob W Biggers,President/CEO,(505) 888-9474 ,(505) 232-0678 ,bob@wishnm.org,www.wishnm.org,,,,,,UA-10695845-46,NULL,NULL,NULL,,85-0347088,,1,,,,,NULL,"Make-A-Wish Foundation? of New Mexico, Inc.",-7,Y
058-000,Make-A-Wish? New Hampshire,814 Elm Street,Suite 300,Manchester,,NH,03101-2230,(603) 623-9474 ,(603) 623-2611 ,,,Serves the entire state of New Hampshire,julie.baron@newhampshire.wish.org,info@newhampshire.wish.org,info@newhampshire.wish.org,jason.tremblay@newhampshire.wish.org,Jason  Tremblay,Director of Philanthropy,(603) 623-9474 ,Jason.tremblay@newhampshire.wish.org,Donna  Parker,Director of Development,(603) 623-9474 ,(603) 623-2611 ,Donna.Parker@newhampshire.wish.org,www.newhampshire.wish.org,,,,,,UA-10695845-47,NULL,NULL,NULL,,02-0405369,,1,,,,,NULL,Make-A-Wish Foundation? of New Hampshire,-5,Y
059-000,Make-A-Wish? Alabama,244 Goodwin Crest Drive,Suite 200,Birmingham,,AL,35209,(205) 254-9474 ,(205) 254-9479 ,,,Serves the state of Alabama,info@alabama.wish.org,shall@alabama.wish.org,info@alabama.wish.org,shall@alabama.wish.org,Pam  Jones,CEO,(205) 440-1935 ,pjones@alabama.wish.org,Julia G Wright,Director of Development,(205) 254-9474 x1932,(205) 254-9479 ,jwright@alabama.wish.org,alabama.wish.org,https://www.twitter.com/makeawishal,@makeawishal,https://www.facebook.com/MakeAWishAlabama,MakeAWishAlabama,,UA-10698054-22,NULL,NULL,NULL,,63-0943675,,1,y34HZiBkudbrTaUqAzedaw,bWCTFsbOKr2s1wyKSrIEGQO2Xha2JrKeYyGP00VNXgU,,,NULL,Make-A-Wish Foundation? of Alabama,-6,Y
060-000,Make-A-Wish? Northeast New York,One Mustang Drive,,Cohoes,,NY,12047,(518) 782-4673 ,(518) 782-0618 , Main,(518) 782-4673 ,Serves 15 northeastern counties of the state of New York (the area covered by the 518 area code),neny@neny.wish.org,CAnatriello@neny.wish.org,neny@neny.wish.org,triley@neny.wish.org,Timothy P Riley,Manager of Marketing & Communications,(518) 782-4673 x103,triley@neny.wish.org,Mark P Woroby,Director of Philanthropy,(518) 782-4673 x111,(518) 782-0618 ,mworoby@neny.wish.org,www.neny.wish.org,,,,,,UA-10695845-48,NULL,NULL,NULL,,14-1703503,,1,,,,,NULL,Make-A-Wish Foundation? of Northeast New York,-5,Y
063-000,Make-A-Wish? Oklahoma,5201 North Shartel Avenue,,Oklahoma City,,OK,73118,(405) 286-4000 ,(405) 418-4107 ,Toll Free,(888) 901-9474 ,Serves the entire state of Oklahoma,bkkarim@oklahoma.wish.org,bkkarim@oklahoma.wish.org,jsummers@oklahoma.wish.org,adeline@oklahoma.wish.org,Jeff  Summers,President & CEO,(918) 492-9474 ,jsummers@oklahoma.wish.org,Jane  Rohweder,Director of Development,(918) 492-9474 ,(405) 418-4107 ,jrohweder@oklahoma.wish.org,oklahoma.wish.org,https://twitter.com/#!/makeawishok,@MakeAWishOk,https://www.facebook.com/makeawishoklahoma,3.75301E+14,,UA-10695845-49,NULL,NULL,NULL,,73-1176743,,1,rGqAkHWBTx9pDhVoWA9QA,9jexlyLBTQFEldLMyVJ2TBd9P9WhYEvHE5HpahRJ51g,,http://www.youtube.com/user/MakeAWishOK,NULL,Make-A-Wish Foundation? of Oklahoma,-6,Y
064-000,Make-A-Wish? Eastern North Carolina,2880 Slater Rd,Suite 105,Morrisville,,NC,27560,(919) 821-7111 ,(919) 832-0079 ,Toll Free,(800) 432-9474 ,Serves the eastern 1/2 of North Carolina,info@eastnc.wish.org,info@eastnc.wish.org,info@eastnc.wish.org,jpeters@eastnc.wish.org,Jerry C Peters,Director of Community Engagement,(919) 821-7111 x203,jpeters@eastnc.wish.org,Ken  Baroff,"VP, Development",(919) 821-7111 x210,(919) 832-0079 ,kbaroff@eastnc.wish.org,eastnc.wish.org,,,,,,UA-10695845-50,NULL,NULL,NULL,,58-1792140,,1,,,,,NULL,Make-A-Wish Foundation? of Eastern North Carolina,-5,Y
065-000,Make-A-Wish? Iowa,3024 104th Street,,Urbandale,,IA,50322-3220,(515) 334-2636 ,(515) 334-2638 ,Toll Free Iowa Only,(800) 797-9474 ,Serves entire state of Iowa,general@iowa.wish.org,joyceb@iowa.wish.org,assistant@iowa.wish.org,jamier@iowa.wish.org,Jamie   Rasko,Communications & Special Projects,(515) 577-0789 ,jamier@iowa.wish.org,Rob  Kelly,CEO,(515) 334-2636 ,(515) 334-2638 ,robk@iowa.wish.org,www.iowa.wish.org,,,,,,UA-10698054-2,NULL,NULL,NULL,,42-1310530,,1,,,,,NULL,Make-A-Wish Foundation? of Iowa,-6,Y
066-000,Make-A-Wish? Massachusetts and Rhode Island,"One Bulfinch Place, 2nd Floor", ,Boston,,MA,2114,(617) 367-9474 ,(617) 367-1059 ,Back Line,(617) 367-0739 ,Serves the entire state of Massachusetts,boston@massri.wish.org,boston@massri.wish.org,boston@massri.wish.org,adesimone@massri.wish.org,Charlotte  Beattie,Chief Executive Officer,(617) 367-9474 ,cbeattie@massri.wish.org,Nicole S Ferranti,Assistant Director of Development and Giving,(617) 367-9474 ,(617) 367-1059 ,nferranti@massri.wish.org,massri.wish.org,,,https://www.facebook.com/#!/MassRIWish,MassRIWish,,UA-10698054-3,NULL,NULL,NULL,,222867371,,1,,,,,NULL,Make-A-Wish Foundation? of Massachusetts and Rhode Island,-5,Y
066-001,"Make-A-Wish? Massachusetts and Rhode Island, West Springfield Office",181 Park Avenue,Suite 112,West Springfield,United States,MA,1089,(413) 733-9474 ,(413) 731-9658 ,,,"Serves the 5 most western and central counties of Massachusetts: Berkshire, Hampden, Hampshire, Franklin and Worcester",regional@massri.wish.org,boston@massri.wish.org,boston@massri.wish.org,adesimone@massri.wish.org,Charlotte  Beattie,Chief Executive Officer,(617) 367-9474 ,cbeattie@massri.wish.org,Nicole S Ferranti,Assistant Director of Development and Giving,(617) 367-9474 ,(617) 367-1059 ,nferranti@massri.wish.org,massri.wish.org,NULL,NULL,https://www.facebook.com/#!/MassRIWish,MassRIWish,,UA-10698054-3,NULL,NULL,NULL,,222867371,,1,NULL,NULL,NULL,NULL,NULL,"Make-A-Wish Foundation? of Massachusetts and Rhode Island, West Springfield Office",-5,Y
066-002,"Make-A-Wish? Massachusetts and Rhode Island, Providence Office",20 Hemingway Drive,,East Providence,,RI,2915,(401) 781-9474 ,(401) 781-9475 ,,,Serves the entire state of Rhode Island,rhodeisland@massri.wish.org,boston@massri.wish.org,boston@massri.wish.org,adesimone@massri.wish.org,Charlotte  Beattie,Chief Executive Officer,(617) 367-9474 ,cbeattie@massri.wish.org,Nicole S Ferranti,Assistant Director of Development and Giving,(617) 367-9474 ,(617) 367-1059 ,nferranti@massri.wish.org,www.massri.wish.org,,,https://www.facebook.com/#!/MassRIWish,MassRIWish,,UA-10698054-3,NULL,NULL,NULL,,222867371,,1,,,,,NULL,"Make-A-Wish Foundation? of Massachusetts and Rhode Island, Providence Office",-5,Y
067-000,Make-A-Wish? Greater Virginia,2810 N. Parham Road,Suite 302,Richmond,,VA,23294,(804) 217-9474 ,(804) 217-9484 ,Toll Free,(800) 234-9474 ,Serves the state of VA except for the northern VA suburbs of Washington D.C.,info@va.wish.org,apryor@va.wish.org,info@va.wish.org,pjwhite@va.wish.org,Paulette  White,Interim President & CEO,,pjwhite@va.wish.org,Michael  Brown,Development Director,(804) 217-9474 x106,(804) 217-9484 ,mbrown@va.wish.org,www.va.wish.org,,,,,,UA-10698054-4,NULL,NULL,NULL,,54-1469214,,1,,,,,NULL,Make-A-Wish Foundation? of Greater Virginia,-5,Y
068-000,Make-A-Wish? East Tennessee,510 South Willow Street, ,Chattanooga,,TN,37404,(423) 629-9474 ,(423) 622-5531 ,,,Serves the eastern 1/3 of Tennessee,wishetn@wishetn.wish.org,lcaughman@wishetn.wish.org,swilkins@wishetn.wish.org,swilkins@wishetn.wish.org,Stephanie  Wilkins,Director of Development,(423) 629-9474 ,swilkins@wishetn.wish.org,Stephanie  Wilkins,Director of Development,(423) 629-9474 ,(423) 622-5531 ,swilkins@wishetn.wish.org,www.wishetn.wish.org,,,http://www.facebook.com/pages/the-make-a-wish-foundation-of-east-tennessee/177426717247?ref=tn_tnmn,1.77427E+11,,UA-10698054-5,NULL,NULL,NULL,,58-1799549,,1,,,,,NULL,Make-A-Wish Foundation? of East Tennessee,-5,Y
069-000,Make-A-Wish? Vermont,100 Dorset Street,Suite 14,South Burlington,,VT,5403,(802) 864-9393 ,(802) 658-2795 ,Wish Emergency Cell Phone,(802) 399-5544 ,Serves the entire state of Vermont,makeawish@vermont.wish.org,programservices@vermont.wish.org,makeawish@vermont.wish.org,bhammond@vermont.wish.org,Beth   Hammond,Marketing and Communications,(802) 864-9393 ,bhammond@vermont.wish.org,Leslie D Williams,CEO,(802) 864-9393 ,(802) 658-2795 ,Lwilliams@vermont.wish.org,vermont.wish.org,https://twitter.com/MakeAWishVT,@MakeAWishVT,http://www.facebook.com/makeawishvermont,makeawishvermont,,UA-10698054-6,NULL,NULL,NULL,,03-0323013,,1,,,,http://www.youtube.com/MAWVermont ,NULL,Make-A-Wish Foundation? of Vermont,-5,Y
070-000,Make-A-Wish? Northern West Virginia,3711 Morgantown Industrial Park, ,Morgantown,,WV,26501-2347,(304) 292-5600 ,(304) 292-5697 ,Wish Emergency,(304) 276-8324 ,Serves the northern 32 counties of West Virginia.,info@nwestva.wish.org,wishes@nwestva.wish.org,info@nwestva.wish.org,rmorris@nwestva.wish.org ,Marian B Silverstein,President/CEO,(304) 292-5600 x4,msilverstein@nwestva.wish.org,Marian B Silverstein,President/CEO,(304) 292-5600 x4,(304) 292-5697 ,msilverstein@nwestva.wish.org,nwestva.wish.org,,,,,,UA-10698054-7,NULL,NULL,NULL,,55-0694311,,1,,,,,NULL,Make-A-Wish Foundation? of Northern West Virginia,-5,Y
071-000,Make-A-Wish? Puerto Rico,100 Gran Bulevar Paseos,"Suite 112, MSC 476",San Juan,,PR,00926-5955,(787) 281-9474 ,(787) 765-1945 ,Alternate Phone Line,(787) 281-7092 ,Serves the entire island of Puerto Rico,vmatta@makeawishpr.org,ilia@makeawishpr.org,vmatta@makeawishpr.org,vmatta@makeawishpr.org,Veronica  Matta,Administrative Officer,(787) 281-9474 ,vmatta@makeawishpr.org,Veronica  Matta,Administrative Officer,(787) 281-9474 ,(787) 765-1945 ,vmatta@makeawishpr.org,www.makeawishpr.org,,,,,,UA-10698054-8,NULL,NULL,NULL,,66-0529880,,1,,,,,NULL,Make-A-Wish Foundation? of Puerto Rico,-4,N
073-000,Make-A-Wish? Missouri,600 Kellwood Parkway ,,Chesterfield,,MO,63017,(314) 205-9474 ,(314) 205-9475 ,Toll Free,(800) 548-5058 ,Serves the state of Missouri and six counties surrounding the metropolitan Kansas City area in the state of Kansas.,info@mo.wish.org,ahigginbotham@mo.wish.org,info@mo.wish.org,cking@mo.wish.org,Carol  Burcke,Vice President of Development,(314) 721-9474 x225,cburcke@mo.wish.org,Carol  Burcke,Vice President of Development,(314) 721-9474 x225,(314) 205-9475 ,cburcke@mo.wish.org,mo.wish.org,,,,,,UA-10698054-9,NULL,NULL,NULL,,43-1550697,,1,,,,,NULL,Make-A-Wish Foundation? of Missouri,-6,Y
073-001,"Make-A-Wish? Missouri, Southwest Missouri Regional Office",1510 West Elfindale,,Springfield,,MO,65807,(417) 873-9474 ,(417) 873-9471 ,Toll Free,(800) 937-9474 ,Serves the southwestern region of Missouri.,info@mo.wish.org,ahigginbotham@mo.wish.org,info@mo.wish.org,cking@mo.wish.org,Carol  Burcke,Vice President of Development,(314) 721-9474 x225,cburcke@mo.wish.org,Carol  Burcke,Vice President of Development,(314) 721-9474 x225,(314) 205-9475 ,cburcke@mo.wish.org,mo.wish.org,,,,,,UA-10698054-9,NULL,NULL,NULL,,43-1550697,,1,,,,,NULL,"Make-A-Wish Foundation? of Missouri, Southwest Missouri Regional Office",-6,Y
073-002,"Make-A-Wish? Missouri, Kansas City Regional Office",Metcalf 103 Shopping Center,7000 W. 105th Street,Overland Park,,KS,66212,(913) 341-9474 ,(913) 341-9479 ,Toll Free,(888) 977-9474 ,"Serves the northern and western counties in Missouri, as well as Johnson, Wyandotte, Miami, Leavenworth, Linn and Franklin counties in Kansas.",info@mo.wish.org,ahigginbotham@mo.wish.org,info@mo.wish.org,cking@mo.wish.org,Carol  Burcke,Vice President of Development,(314) 721-9474 x225,cburcke@mo.wish.org,Carol  Burcke,Vice President of Development,(314) 721-9474 x225,(314) 205-9475 ,cburcke@mo.wish.org,mo.wish.org,,,,,,UA-10698054-9,NULL,NULL,NULL,,43-1550697,,1,,,,,NULL,"Make-A-Wish Foundation? of Missouri, Kansas City Regional Office",-6,Y
073-003,"Make-A-Wish? Missouri, St. Louis Regional Office ",600 Kellwood Parkway,,Chesterfield,,MO,63017,(314) 205-9474 ,(314) 205-9475 ,Toll Free,(800) 548-5058 ,Serves the eastern half of Missouri.,info@mo.wish.org,ahigginbotham@mo.wish.org,info@mo.wish.org,cking@mo.wish.org,Carol  Burcke,Vice President of Development,(314) 721-9474 x225,cburcke@mo.wish.org,Carol  Burcke,Vice President of Development,(314) 721-9474 x225,(314) 205-9475 ,cburcke@mo.wish.org,mo.wish.org,,,,,,UA-10698054-9,NULL,NULL,NULL,,43-1550697,,1,,,,,NULL,"Make-A-Wish Foundation? of Missouri, St. Louis Regional Office ",-6,Y
077-000,Make-A-Wish? Guam,590 South Marine Corps Drive,"International Trade Center, Suite 109",Tamuning,,GU,96913,(671) 649-9474 ,(671) 649-9030 ,,,Serves Guam and the Commonwealth of the Northern Mariana Islands,vcamacho@guam.wish.org,kaguon@guam.wish.org,info@guam.wish.org,vcamacho@guam.wish.org,Victor P Camacho,Executive Director,(671) 649-9474 ,vcamacho@guam.wish.org,Victor P Camacho,Executive Director,(671) 649-9474 ,(671) 649-9030 ,vcamacho@guam.wish.org,www.guamwish.org,,,http://www.facebook.com/makeawishguam?ref=hl,4.37736E+14,,UA-10698054-11,NULL,NULL,NULL,,98-0098218,,1,,,,,NULL,Make-A-Wish Foundation? of Guam,10,N
079-000,Make-A-Wish? Maine,477 Congress Street,Suite M1,Portland,,ME,4101,(207) 221-2306 ,(207) 221-2028 ,Toll Free,(800) 491-3171 ,Serves the entire state of Maine,wishme@maine.wish.org,eileen@maine.wish.org,wishme@maine.wish.org,lgleeson@maine.wish.org,Lisa  Gleeson,Communications Manager,(207) 221-2306 ,lgleeson@maine.wish.org,Thomas  Peaco,Executive Director,(207) 221-2306 ,(207) 221-2028 ,tpeaco@maine.wish.org,maine.wish.org,https://twitter.com/makeawishmaine,@makeawishmaine,http://www.facebook.com/pages/Make-A-Wish-Foundation-of-Maine/142507636616,1.42508E+11,5.77498E+14,UA-10698054-13,NULL,NULL,NULL,Make-A-Wish-Maine-Blog,01-0477512,,1,MUTfsolrd1dHRbpgQd4Cag,vCzdkR107RnYQa4SkfUvznDbkPVvd5xJJkrDLlrhuU,42dada814fe9530db51bf065364b026d,http://www.youtube.com/user/MakeAWishMaine,NULL,Make-A-Wish Foundation? of Maine,-5,Y
080-000,Make-A-Wish? Central and Northern Florida,1020 North Orlando Avenue,Suite 100,Maitland,,FL,32751,(407) 622-4673 ,(407) 622-5803 ,Toll Free Florida Only,(888) 874-9474 ,Serves northern Florida and central Florida to Brevard County on the East Coast and Charlotte County on the West coast,info@wishcentral.org,Ssmith@wishcentral.org,SSmith@wishcentral.org,amanda.mason@suncoastwish.org,Kathryn  Vroman,President/CEO,(407) 622-4673 x206,kvroman@wishcentral.org,Kathryn  Vroman,President/CEO,(407) 622-4673 x206,(407) 622-5803 ,kvroman@wishcentral.org,www.wishcentralfl.wish.org,,,,,,UA-10698054-14,NULL,NULL,NULL,,59-323-5806,,1,,,,,NULL,Make-A-Wish Foundation? of Central and Northern Florida,-5,Y
080-003,"Make-A-Wish? Central and Northern Florida, Suncoast Regional Office",324 N. Dale Mabry Hwy,Suite 203,Tampa,United States,FL,33606,(813) 288-2600 ,(813) 288-2605 , ,, ,information@suncoastwish.org,SSmith@wishcentral.org,SSmith@wishcentral.org,amanda.mason@suncoastwish.org,Kathryn  Vroman,President/CEO,(407) 622-4673 x206,kvroman@wishcentral.org,Kathryn  Vroman,President/CEO,(407) 622-4673 x206,(407) 622-5803 ,kvroman@wishcentral.org,www.wishcentralfl.wish.org,NULL,NULL,,,,UA-10698054-14,NULL,NULL,NULL,,59-323-5806,,1,NULL,NULL,NULL,NULL,NULL,"Make-A-Wish Foundation? of Central and Northern Florida, Suncoast Regional Office",-5,Y
080-004,"Make-A-Wish? Central and Northern Florida, Suncoast - Sarasota Regional Office",1223 S. Tamiami Trail,,Sarasota,United States,FL,34239,(941) 952-9474 ,(941) 952-0579 , ,, ,maw_info_sarasota@suncoastwish.org,SSmith@wishcentral.org,SSmith@wishcentral.org,amanda.mason@suncoastwish.org,Kathryn  Vroman,President/CEO,(407) 622-4673 x206,kvroman@wishcentral.org,Kathryn  Vroman,President/CEO,(407) 622-4673 x206,(407) 622-5803 ,kvroman@wishcentral.org,www.wishcentralfl.wish.org,NULL,NULL,,,,UA-10698054-14,NULL,NULL,NULL,,59-323-5806,,1,NULL,NULL,NULL,NULL,NULL,"Make-A-Wish Foundation? of Central and Northern Florida, Suncoast - Sarasota Regional Office",-5,Y
081-000,Make-A-Wish? Georgia,1775 The Exchange SE,Suite 200,Atlanta,,GA,30339,(770) 916-9474 ,(770) 916-0222 ,,,Serves the state of Georgia,wishes@georgia.wish.org,kmerrill@georgia.wish.org,wishes@georgia.wish.org,fcharles@georgia.wish.org,Fabiola  Charles,Vice President of Communications & External Affair,(770) 916-9474 x24,fcharles@georgia.wish.org,Dianne  Lee,Vice President of Individual Giving,(770) 916-9474 x12,(770) 916-0222 ,dlee@georgia.wish.org,georgia.wish.org,http://www.twitter.com/MakeAWishGA,@MakeAWishGA,http://www.facebook.com/makeawishgaal,makeawishgaal,3.1834E+14,UA-10698054-15,NULL,NULL,NULL,,58-2146828,,1,MoYYHt3LtaHOp1NSBVs6g,CIL19BtJgAYll2ZJ5QY1qzzC8CU7btTxm7qIuJ0Dk,b4ac620fbe370c11c562feb5494fe358,,NULL,Make-A-Wish Foundation? of Georgia,-5,Y
083-000,Make-A-Wish? Southern Nevada,5105 S. Durango Drive,Suite 100,Las Vegas,,NV,89113,(702) 212-9474 ,(702) 932-2816 ,,,Serves the southern half of the state,info@snv.wish.org,nicoler@snv.wish.org,info@snv.wish.org,paulan@snv.wish.org,Caleen  Johnson,Executive Director,(702) 212-9474 x2791,Caleenj@snv.wish.org,Caleen  Johnson,Executive Director,(702) 212-9474 x2791,(702) 932-2816 ,Caleenj@snv.wish.org,www.snv.wish.org,,,,,3.13029E+14,UA-10698054-16,NULL,NULL,NULL,,88-0371088,,1,,,369b7583d3ec2d283b275f71d0be7be1,,NULL,Make-A-Wish Foundation? of Southern Nevada,-8,Y
084-000,Make-A-Wish? Rio Grande Valley,One Park Place,Suite 405,McAllen,,TX,78503,(956) 686-9474 ,(956) 686-4380 ,,,Serves the 6 southern most counties in the state.,rgv@rgv.wish.org,rgv@rgv.wish.org,rgv@rgv.wish.org,rgv@rgv.wish.org,Ava L Sandlin,Executive Director,(956) 686-9474 ,asandlin@rgv.wish.org,Ava L Sandlin,Executive Director,(956) 686-9474 ,(956) 686-4380 ,asandlin@rgv.wish.org,riograndevalley.wish.org,,,,,,UA-10698054-17,NULL,NULL,NULL,,74-2850325,,1,,,,,NULL,Make-A-Wish Foundation? of the Rio Grande Valley,-6,Y
085-000,Make-A-Wish? Middle Tennessee,8119 Isabella Lane,Suite 105 A,Brentwood,,TN,37027,(615) 221-2200 ,(615) 221-2233 ,Toll Free,(888) 492-9474 ,Serves the middle 1/3 of Tennessee,ssanders@middletennessee.wish.org,ssanders@middletennessee.wish.org,ssanders@middletennessee.wish.org,adavis@middletennessee.wish.org,Beth  Torres,President & CEO,(615) 221-2200 x110,btorres@middletennessee.wish.org,Ashley  Davis,Director of Development and Communications,(615) 221-2200 x112,(615) 221-2233 ,adavis@middletennessee.wish.org,www.middletennessee.wish.org,https://twitter.com/MakeAWishMidTN,@MakeAWishMidTN,https://www.facebook.com/MakeAWishMidTN,MakeAWishMidTN,4.60176E+14,UA-10698054-18,NULL,NULL,NULL,,62-1833327,,1,PrpoV0M0Csb7hU4EaugDA, lx40K4eoUyugB9waXrsCsnRSpes6c5IqrapwIBTIzI,a.349724281746535.97949.164017633650535,http://www.youtube.com/user/MiddleTennesseeMAW,NULL,Make-A-Wish Foundation? of Middle Tennessee,-6,Y
100-000,Make-A-Wish? America,4742 N. 24th St.,Suite 400,Phoenix,,AZ,85016,(602) 279-9474 ,(602) 279-0855 ,Toll-free,(800) 722-9474 ,National Office,mawfa@wish.org,missionresources@wish.org,mawfa@wish.org,JMenzies@wish.org,Josh  deBerge,National Communications Manager,(602) 792-3185 x3185,jdeBerge@wish.org,Nicole   Powers,Planned Giving Officer,(602) 792-3249 x3249,(602) 279-0855 ,npowers@wish.org,www.wish.org,https://www.twitter.com/MakeAWish,@MakeAWish,http://www.facebook.com/makeawish,504544940,1.07124E+14,UA-10698054-20,NULL,NULL,NULL,Wish-Nation-Blog,86-0481941,100,1,ElrtII3kx5cEGKdILaoawg,jvrzl4cuQIscRANP1GIp0kClkDj4lrv5FKiOjcUCt14,d019291537a0e2247ef8f60bfd676106,http://www.youtube.com/makeawishfoundation,US,Make-A-Wish Foundation? of America,-7,N
500-000,Make-A-Wish? International,4041 North Central Ave,Suite 555,Phoenix,United States,AZ,,(602) 230-9900,(602) 230-9627, , ,International Office,international@worldwish.org,programservices@worldwish.org,NULL,NULL,NULL,NULL,NULL,NULL,NULL,NULL,NULL,NULL,NULL,www.worldwish.org,NULL,NULL,NULL,NULL,NULL,NULL,NULL,NULL,NULL,NULL,NULL,NULL,1,NULL,NULL,NULL,NULL,NULL,Make-A-Wish Foundation? International,NULL,NULL
501-000,Make-A-Wish? Canada,NULL,NULL,NULL,NULL,NULL,NULL,NULL,NULL,NULL,NULL,NULL,NULL,NULL,NULL,NULL,NULL,NULL,NULL,NULL,NULL,NULL,NULL,NULL,NULL,NULL,NULL,NULL,NULL,NULL,NULL,NULL,NULL,NULL,NULL,NULL,NULL,NULL,NULL,NULL,NULL,NULL,NULL,CA,Make-A-Wish Foundation? of Canada,NULL,NULL
502-000,Make-A-Wish? United Kingdom,NULL,NULL,NULL,NULL,NULL,NULL,NULL,NULL,NULL,NULL,NULL,NULL,NULL,NULL,NULL,NULL,NULL,NULL,NULL,NULL,NULL,NULL,NULL,NULL,NULL,NULL,NULL,NULL,NULL,NULL,NULL,NULL,NULL,NULL,NULL,NULL,NULL,NULL,NULL,NULL,NULL,NULL,UK,Make-A-Wish Foundation? of United Kingdom,NULL,NULL
503-000,Make-A-Wish? Australia,NULL,NULL,NULL,NULL,NULL,NULL,NULL,NULL,NULL,NULL,NULL,NULL,NULL,NULL,NULL,NULL,NULL,NULL,NULL,NULL,NULL,NULL,NULL,NULL,NULL,NULL,NULL,NULL,NULL,NULL,NULL,NULL,NULL,NULL,NULL,NULL,NULL,NULL,NULL,NULL,NULL,NULL,AU,Make-A-Wish Foundation? of Australia,NULL,NULL
504-000,Make-A-Wish? New Zealand,NULL,NULL,NULL,NULL,NULL,NULL,NULL,NULL,NULL,NULL,NULL,NULL,NULL,NULL,NULL,NULL,NULL,NULL,NULL,NULL,NULL,NULL,NULL,NULL,NULL,NULL,NULL,NULL,NULL,NULL,NULL,NULL,NULL,NULL,NULL,NULL,NULL,NULL,NULL,NULL,NULL,NULL,NZ,Make-A-Wish Foundation? of New Zealand,NULL,NULL
505-000,Make-A-Wish? Ireland,NULL,NULL,NULL,NULL,NULL,NULL,NULL,NULL,NULL,NULL,NULL,NULL,NULL,NULL,NULL,NULL,NULL,NULL,NULL,NULL,NULL,NULL,NULL,NULL,NULL,NULL,NULL,NULL,NULL,NULL,NULL,NULL,NULL,NULL,NULL,NULL,NULL,NULL,NULL,NULL,NULL,NULL,IE,Make-A-Wish Foundation? of Ireland,NULL,NULL
506-000,Make-A-Wish? Japan,NULL,NULL,NULL,NULL,NULL,NULL,NULL,NULL,NULL,NULL,NULL,NULL,NULL,NULL,NULL,NULL,NULL,NULL,NULL,NULL,NULL,NULL,NULL,NULL,NULL,NULL,NULL,NULL,NULL,NULL,NULL,NULL,NULL,NULL,NULL,NULL,NULL,NULL,NULL,NULL,NULL,NULL,JP,Make-A-Wish Foundation? of Japan,NULL,NULL
507-000,Make-A-Wish? Taiwan,NULL,NULL,NULL,NULL,NULL,NULL,NULL,NULL,NULL,NULL,NULL,NULL,NULL,NULL,NULL,NULL,NULL,NULL,NULL,NULL,NULL,NULL,NULL,NULL,NULL,NULL,NULL,NULL,NULL,NULL,NULL,NULL,NULL,NULL,NULL,NULL,NULL,NULL,NULL,NULL,NULL,NULL,TW,Make-A-Wish Foundation? of Taiwan,NULL,NULL
508-000,Make-A-Wish? Chile,NULL,NULL,NULL,NULL,NULL,NULL,NULL,NULL,NULL,NULL,NULL,NULL,NULL,NULL,NULL,NULL,NULL,NULL,NULL,NULL,NULL,NULL,NULL,NULL,NULL,NULL,NULL,NULL,NULL,NULL,NULL,NULL,NULL,NULL,NULL,NULL,NULL,NULL,NULL,NULL,NULL,NULL,CL,Make-A-Wish Foundation? of Chile,NULL,NULL
509-000,Make-A-Wish? Netherlands,NULL,NULL,NULL,NULL,NULL,NULL,NULL,NULL,NULL,NULL,NULL,NULL,NULL,NULL,NULL,NULL,NULL,NULL,NULL,NULL,NULL,NULL,NULL,NULL,NULL,NULL,NULL,NULL,NULL,NULL,NULL,NULL,NULL,NULL,NULL,NULL,NULL,NULL,NULL,NULL,NULL,NULL,NL,Make-A-Wish Foundation? of The Netherlands,NULL,NULL
510-000,Make-A-Wish? Belgium South,NULL,NULL,NULL,NULL,NULL,NULL,NULL,NULL,NULL,NULL,NULL,NULL,NULL,NULL,NULL,NULL,NULL,NULL,NULL,NULL,NULL,NULL,NULL,NULL,NULL,NULL,NULL,NULL,NULL,NULL,NULL,NULL,NULL,NULL,NULL,NULL,NULL,NULL,NULL,NULL,NULL,NULL,BE,Make-A-Wish Foundation? of Belgium South,NULL,NULL
511-000,Make-A-Wish? Belgium Vlaanderen,NULL,NULL,NULL,NULL,NULL,NULL,NULL,NULL,NULL,NULL,NULL,NULL,NULL,NULL,NULL,NULL,NULL,NULL,NULL,NULL,NULL,NULL,NULL,NULL,NULL,NULL,NULL,NULL,NULL,NULL,NULL,NULL,NULL,NULL,NULL,NULL,NULL,NULL,NULL,NULL,NULL,NULL,BV,Make-A-Wish Foundation? of Belgium Vlaanderen,NULL,NULL
512-000,Make-A-Wish? Israel,NULL,NULL,NULL,NULL,NULL,NULL,NULL,NULL,NULL,NULL,NULL,NULL,NULL,NULL,NULL,NULL,NULL,NULL,NULL,NULL,NULL,NULL,NULL,NULL,NULL,NULL,NULL,NULL,NULL,NULL,NULL,NULL,NULL,NULL,NULL,NULL,NULL,NULL,NULL,NULL,NULL,NULL,IL,Make-A-Wish Foundation? of Israel,NULL,NULL
513-000,Make-A-Wish? Panama,NULL,NULL,NULL,NULL,NULL,NULL,NULL,NULL,NULL,NULL,NULL,NULL,NULL,NULL,NULL,NULL,NULL,NULL,NULL,NULL,NULL,NULL,NULL,NULL,NULL,NULL,NULL,NULL,NULL,NULL,NULL,NULL,NULL,NULL,NULL,NULL,NULL,NULL,NULL,NULL,NULL,NULL,PA,Make-A-Wish Foundation? of Panama,NULL,NULL
514-000,Make-A-Wish? Austria,NULL,NULL,NULL,NULL,NULL,NULL,NULL,NULL,NULL,NULL,NULL,NULL,NULL,NULL,NULL,NULL,NULL,NULL,NULL,NULL,NULL,NULL,NULL,NULL,NULL,NULL,NULL,NULL,NULL,NULL,NULL,NULL,NULL,NULL,NULL,NULL,NULL,NULL,NULL,NULL,NULL,NULL,AT,Make-A-Wish Foundation? of Austria,NULL,NULL
515-000,Make-A-Wish? Greece,NULL,NULL,NULL,NULL,NULL,NULL,NULL,NULL,NULL,NULL,NULL,NULL,NULL,NULL,NULL,NULL,NULL,NULL,NULL,NULL,NULL,NULL,NULL,NULL,NULL,NULL,NULL,NULL,NULL,NULL,NULL,NULL,NULL,NULL,NULL,NULL,NULL,NULL,NULL,NULL,NULL,NULL,GR,Make-A-Wish Foundation? of Greece,NULL,NULL
516-000,Make-A-Wish? Hong Kong,NULL,NULL,NULL,NULL,NULL,NULL,NULL,NULL,NULL,NULL,NULL,NULL,NULL,NULL,NULL,NULL,NULL,NULL,NULL,NULL,NULL,NULL,NULL,NULL,NULL,NULL,NULL,NULL,NULL,NULL,NULL,NULL,NULL,NULL,NULL,NULL,NULL,NULL,NULL,NULL,NULL,NULL,HK,Make-A-Wish Foundation? of Hong Kong,NULL,NULL
517-000,Make-A-Wish? India,NULL,NULL,NULL,NULL,NULL,NULL,NULL,NULL,NULL,NULL,NULL,NULL,NULL,NULL,NULL,NULL,NULL,NULL,NULL,NULL,NULL,NULL,NULL,NULL,NULL,NULL,NULL,NULL,NULL,NULL,NULL,NULL,NULL,NULL,NULL,NULL,NULL,NULL,NULL,NULL,NULL,NULL,IN,Make-A-Wish Foundation? of India,NULL,NULL
518-000,Make-A-Wish? Mexico,NULL,NULL,NULL,NULL,NULL,NULL,NULL,NULL,NULL,NULL,NULL,NULL,NULL,NULL,NULL,NULL,NULL,NULL,NULL,NULL,NULL,NULL,NULL,NULL,NULL,NULL,NULL,NULL,NULL,NULL,NULL,NULL,NULL,NULL,NULL,NULL,NULL,NULL,NULL,NULL,NULL,NULL,MX,Make-A-Wish Foundation? of Mexico,NULL,NULL
520-000,Make-A-Wish? Philippines,NULL,NULL,NULL,NULL,NULL,NULL,NULL,NULL,NULL,NULL,NULL,NULL,NULL,NULL,NULL,NULL,NULL,NULL,NULL,NULL,NULL,NULL,NULL,NULL,NULL,NULL,NULL,NULL,NULL,NULL,NULL,NULL,NULL,NULL,NULL,NULL,NULL,NULL,NULL,NULL,NULL,NULL,PH,Make-A-Wish Foundation? of Philippines,NULL,NULL
521-000,Make-A-Wish? Denmark,NULL,NULL,NULL,NULL,NULL,NULL,NULL,NULL,NULL,NULL,NULL,NULL,NULL,NULL,NULL,NULL,NULL,NULL,NULL,NULL,NULL,NULL,NULL,NULL,NULL,NULL,NULL,NULL,NULL,NULL,NULL,NULL,NULL,NULL,NULL,NULL,NULL,NULL,NULL,NULL,NULL,NULL,DK,Make-A-Wish Foundation? of Denmark,NULL,NULL
522-000,Make-A-Wish? France,NULL,NULL,NULL,NULL,NULL,NULL,NULL,NULL,NULL,NULL,NULL,NULL,NULL,NULL,NULL,NULL,NULL,NULL,NULL,NULL,NULL,NULL,NULL,NULL,NULL,NULL,NULL,NULL,NULL,NULL,NULL,NULL,NULL,NULL,NULL,NULL,NULL,NULL,NULL,NULL,NULL,NULL,FR,Make-A-Wish Foundation? of France,NULL,NULL
523-000,Make-A-Wish? Singapore,NULL,NULL,NULL,NULL,NULL,NULL,NULL,NULL,NULL,NULL,NULL,NULL,NULL,NULL,NULL,NULL,NULL,NULL,NULL,NULL,NULL,NULL,NULL,NULL,NULL,NULL,NULL,NULL,NULL,NULL,NULL,NULL,NULL,NULL,NULL,NULL,NULL,NULL,NULL,NULL,NULL,NULL,SG,Make-A-Wish Foundation? of Singapore,NULL,NULL
524-000,Make-A-Wish? Switzerland and Liechtenstein,NULL,NULL,NULL,NULL,NULL,NULL,NULL,NULL,NULL,NULL,NULL,NULL,NULL,NULL,NULL,NULL,NULL,NULL,NULL,NULL,NULL,NULL,NULL,NULL,NULL,NULL,NULL,NULL,NULL,NULL,NULL,NULL,NULL,NULL,NULL,NULL,NULL,NULL,NULL,NULL,NULL,NULL,CH,Make-A-Wish Foundation? of Switzerland and Liechtenstein,NULL,NULL
525-000,Make-A-Wish? United Arab Emirates,NULL,NULL,NULL,NULL,NULL,NULL,NULL,NULL,NULL,NULL,NULL,NULL,NULL,NULL,NULL,NULL,NULL,NULL,NULL,NULL,NULL,NULL,NULL,NULL,NULL,NULL,NULL,NULL,NULL,NULL,NULL,NULL,NULL,NULL,NULL,NULL,NULL,NULL,NULL,NULL,NULL,NULL,AE,Make-A-Wish Foundation? of United Arab Emirates,NULL,NULL
526-000,Make-A-Wish? Argentina,NULL,NULL,NULL,NULL,NULL,NULL,NULL,NULL,NULL,NULL,NULL,NULL,NULL,NULL,NULL,NULL,NULL,NULL,NULL,NULL,NULL,NULL,NULL,NULL,NULL,NULL,NULL,NULL,NULL,NULL,NULL,NULL,NULL,NULL,NULL,NULL,NULL,NULL,NULL,NULL,NULL,NULL,AR,Make-A-Wish Foundation? of Argentina,NULL,NULL
527-000,Make-A-Wish? Korea,NULL,NULL,NULL,NULL,NULL,NULL,NULL,NULL,NULL,NULL,NULL,NULL,NULL,NULL,NULL,NULL,NULL,NULL,NULL,NULL,NULL,NULL,NULL,NULL,NULL,NULL,NULL,NULL,NULL,NULL,NULL,NULL,NULL,NULL,NULL,NULL,NULL,NULL,NULL,NULL,NULL,NULL,KR,Make-A-Wish Foundation? of Korea,NULL,NULL
528-000,Make-A-Wish? Italy  ,NULL,NULL,NULL,NULL,NULL,NULL,NULL,NULL,NULL,NULL,NULL,NULL,NULL,NULL,NULL,NULL,NULL,NULL,NULL,NULL,NULL,NULL,NULL,NULL,NULL,NULL,NULL,NULL,NULL,NULL,NULL,NULL,NULL,NULL,NULL,NULL,NULL,NULL,NULL,NULL,NULL,NULL,IT,Make-A-Wish Foundation? of Italy  ,NULL,NULL
529-000,Make-A-Wish? Portugal,NULL,NULL,NULL,NULL,NULL,NULL,NULL,NULL,NULL,NULL,NULL,NULL,NULL,NULL,NULL,NULL,NULL,NULL,NULL,NULL,NULL,NULL,NULL,NULL,NULL,NULL,NULL,NULL,NULL,NULL,NULL,NULL,NULL,NULL,NULL,NULL,NULL,NULL,NULL,NULL,NULL,NULL,PT,Make-A-Wish Foundation? of Portugal,NULL,NULL
530-000,Make-A-Wish? Peru,NULL,NULL,NULL,NULL,NULL,NULL,NULL,NULL,NULL,NULL,NULL,NULL,NULL,NULL,NULL,NULL,NULL,NULL,NULL,NULL,NULL,NULL,NULL,NULL,NULL,NULL,NULL,NULL,NULL,NULL,NULL,NULL,NULL,NULL,NULL,NULL,NULL,NULL,NULL,NULL,NULL,NULL,PE,Make-A-Wish Foundation? of Peru,NULL,NULL
531-000,Make-A-Wish? Germany,NULL,NULL,NULL,NULL,NULL,NULL,NULL,NULL,NULL,NULL,NULL,NULL,NULL,NULL,NULL,NULL,NULL,NULL,NULL,NULL,NULL,NULL,NULL,NULL,NULL,NULL,NULL,NULL,NULL,NULL,NULL,NULL,NULL,NULL,NULL,NULL,NULL,NULL,NULL,NULL,NULL,NULL,DE,Make-A-Wish Foundation? of Germany,NULL,NULL
532-000,Make-A-Wish? of Brazil,NULL,NULL,NULL,NULL,NULL,NULL,NULL,NULL,NULL,NULL,NULL,NULL,NULL,NULL,NULL,NULL,NULL,NULL,NULL,NULL,NULL,NULL,NULL,NULL,NULL,NULL,NULL,NULL,NULL,NULL,NULL,NULL,NULL,NULL,NULL,NULL,NULL,NULL,NULL,NULL,NULL,NULL,BR,Make-A-Wish Foundation of Brazil,NULL,NULL
533-000,Make-A-Wish? Turkey,NULL,NULL,NULL,NULL,NULL,NULL,NULL,NULL,NULL,NULL,NULL,NULL,NULL,NULL,NULL,NULL,NULL,NULL,NULL,NULL,NULL,NULL,NULL,NULL,NULL,NULL,NULL,NULL,NULL,NULL,NULL,NULL,NULL,NULL,NULL,NULL,NULL,NULL,NULL,NULL,NULL,NULL,TR,Make-A-Wish Foundation? of Turkey,NULL,NULL
534-000,Make-A-Wish? Pakistan,NULL,NULL,NULL,NULL,NULL,NULL,NULL,NULL,NULL,NULL,NULL,NULL,NULL,NULL,NULL,NULL,NULL,NULL,NULL,NULL,NULL,NULL,NULL,NULL,NULL,NULL,NULL,NULL,NULL,NULL,NULL,NULL,NULL,NULL,NULL,NULL,NULL,NULL,NULL,NULL,NULL,NULL,PK,Make-A-Wish Foundation? of Pakistan,NULL,NULL
535-000,Make-A-Wish? of Spain,NULL,NULL,NULL,NULL,NULL,NULL,NULL,NULL,NULL,NULL,NULL,NULL,NULL,NULL,NULL,NULL,NULL,NULL,NULL,NULL,NULL,NULL,NULL,NULL,NULL,NULL,NULL,NULL,NULL,NULL,NULL,NULL,NULL,NULL,NULL,NULL,NULL,NULL,NULL,NULL,NULL,NULL,ES,Make-A-Wish Foundation of Spain,NULL,NULL
536-000,Make-A-Wish? of Malaysia,NULL,NULL,NULL,NULL,NULL,NULL,NULL,NULL,NULL,NULL,NULL,NULL,NULL,NULL,NULL,NULL,NULL,NULL,NULL,NULL,NULL,NULL,NULL,NULL,NULL,NULL,NULL,NULL,NULL,NULL,NULL,NULL,NULL,NULL,NULL,NULL,NULL,NULL,NULL,NULL,NULL,NULL,MY,Make-A-Wish Foundation of Malaysia,NULL,NULL
537-000,Make-A-Wish? of Thailand,NULL,NULL,NULL,NULL,NULL,NULL,NULL,NULL,NULL,NULL,NULL,NULL,NULL,NULL,NULL,NULL,NULL,NULL,NULL,NULL,NULL,NULL,NULL,NULL,NULL,NULL,NULL,NULL,NULL,NULL,NULL,NULL,NULL,NULL,NULL,NULL,NULL,NULL,NULL,NULL,NULL,NULL,TH,Make-A-Wish Foundation of Thailand,NULL,NULL
538-000,Make-A-Wish? Luxembourg,NULL,NULL,NULL,NULL,NULL,NULL,NULL,NULL,NULL,NULL,NULL,NULL,NULL,NULL,NULL,NULL,NULL,NULL,NULL,NULL,NULL,NULL,NULL,NULL,NULL,NULL,NULL,NULL,NULL,NULL,NULL,NULL,NULL,NULL,NULL,NULL,NULL,NULL,NULL,NULL,NULL,NULL,LU,Make-A-Wish Foundation? of Luxembourg,NULL,NULL
